brand,product,vol_price,rate,nb_reviews,sales_rank,product_url,category
이니스프리(innisfree),포레스트 포맨 모이스처 스킨,"180ml19,000원",4.07,(81),1,/product/7212,스킨
비오템옴므,아쿠아파워 토너,"200ml54,000원",4.09,(65),2,/product/4108,스킨
키엘 (Kiehl's),칼렌듈라 허벌 엑스트렉트 토너,"250ml59,000원",3.82,(730),3,/product/11071,스킨
반트 36.5 (VANT 36.5),포 맨 올 인 원 스킨,"120ml35,000원",4.29,(31),4,/product/21577,스킨
프리메라,맨 오가니언스 트리트먼트 워터,"180ml30,000원",4.38,(26),5,/product/13159,스킨
이니스프리(innisfree),포레스트 포맨 프레시 올인원 에센스,"100ml25,000원",3.76,(63),6,/product/7198,스킨
스킨푸드,자작나무 수액 수분 플루이드 포맨,"125ml14,000원",4.04,(27),7,/product/33632,스킨
시드물,옴므 올인,"140ml14,800원",4.13,(24),8,/product/82032,스킨
피토메스,안티포어 리파이닝 토너,"120ml28,000원",3.79,(38),9,/product/32186,스킨
키엘 (Kiehl's),훼이셜 퓨얼 에너자이징 토닉 포 맨,"250ml36,000원",4.14,(21),10,/product/3497,스킨
캘빈클라인,원 스킨 모이스처라이저,"250ml22,500원",4.00,(16),11,/product/74074,스킨
네이처리퍼블릭,아프리카 버드 옴므 올인원 모이스처라이저,"150ml25,000원",4.33,(12),12,/product/7994,스킨
유키누(UQINU),더마 모이스트 토너,"125ml25,000원",4.78,(9),13,/product/105470,스킨
랩시리즈,워터 로션,"200ml45,000원",3.65,(49),14,/product/3457,스킨
이니스프리(innisfree),올리브 리얼 스킨 포맨,"150ml17,000원",3.92,(13),15,/product/7209,스킨
미샤,포맨 익스트림 리뉴 스킨,"120ml24,000원",3.71,(17),16,/product/5716,스킨
더페이스샵,네오 클래식 옴므 블랙 에센셜 80토너,"130ml23,000원",4.11,(9),17,/product/8589,스킨
헤라 (HERA),옴므 블랙 퍼펙트 플루이드,"120ml60,000원",3.85,(13),18,/product/8528,스킨
스킨푸드,비어 원샷 수분 에센스 토너 포맨,"155ml19,000원",4.14,(7),19,/product/50033,스킨
CNP(차앤박),옴므 에이 케어 토너,"120ml27,000원",4.50,(6),20,/product/15788,스킨
디티알티(DTRT),토너 쏘 파인,"140ml25,000원",3.90,(10),21,/product/3522,스킨
헤라 (HERA),옴므 블랙 퍼펙트 스킨,"120ml50,000원",3.73,(15),22,/product/8527,스킨
오휘,포맨 하이드라 스킨,"135ml40,000원",4.00,(7),23,/product/6797,스킨
세바메드,클리어페이스 딥클렌징 페이셜 토너,"150ml11,900원",4.67,(3),24,/product/35370,스킨
네이처리퍼블릭,아르간 옴므 스킨,"130ml13,000원",5.00,(4),25,/product/26345,스킨
오휘,포맨 프레쉬 스킨,"135ml40,000원",4.25,(4),26,/product/6799,스킨
보닌,골드 프로텍션 스킨,"135ml18,000원",4.00,(5),27,/product/3790,스킨
닥터뉴엘,옴므 토탈 솔루션,"120ml30,000원",4.67,(3),28,/product/18577,스킨
잇츠스킨 (It'S SKIN),리얼마초 젤 토너,"150ml10,500원",4.33,(3),29,/product/10896,스킨
롤리타 렘피카,오 마스큘랑 스킨 리파이너,"100ml60,000원",4.00,(4),30,/product/24074,스킨
비오템옴므,토탈 리차지 에너지 스타터 토너,"200ml53,000원",4.00,(4),30,/product/24121,스킨
케어존,닥터솔루션 옴므 센서티브 토너,"170ml23,000원",4.50,(4),32,/product/78314,스킨
미남프로젝트(미프),비타맥스 올인원 로션,"200ml28,900원",5.00,(2),33,/product/116371,스킨
비오템옴므,화이트 필 토너,"200ml49,000원",3.83,(6),34,/product/4114,스킨
스웨거,스마트 패드 페이스 부스터,"35ea15,000원",4.67,(3),35,/product/23929,스킨
보닌,더 스타일 블루 파워 모이스처 스킨,"150ml30,000원",3.63,(8),36,/product/3797,스킨
더샘 (the SAEM),미네랄 옴므 블랙 토너,"140ml17,000원",4.50,(2),37,/product/12838,스킨
엠도씨,화이트닝 스킨 플러스 로션,"150ml23,000원",3.60,(10),38,/product/27101,스킨
입큰,맨 스타일 퍼펙트 올인원,"100ml15,000원",4.00,(3),39,/product/116322,스킨
싸이닉,아쿠아 옴므 올인원 모이스처라이저,"100ml23,000원",4.50,(2),40,/product/116352,스킨
헤라 (HERA),옴므 수퍼 브라이트닝 플루이드,"110ml45,000원",4.50,(2),40,/product/88816,스킨
더페이스샵,더프레시 포맨 수분 플루이드,"170ml19,000원",3.60,(5),42,/product/81894,스킨
비욘드,더트리 포맨 프레쉬 토너,"150ml18,000원",4.50,(2),43,/product/79136,스킨
BRTC(비알티씨),타임리버싱 옴므 토너,"120ml25,000원",4.50,(2),43,/product/88024,스킨
빌리프,맨올로지 101 스마트 데일리 디펜스,"100ml43,000원",3.57,(7),45,/product/82154,스킨
미쟝센,맨 피지컨트롤 스킨,"140ml12,000원",4.00,(2),46,/product/12268,스킨
토니모리,겟디스가이 프레쉬 스킨,"130ml11,800원",5.00,(1),47,/product/26356,스킨
마몽드 (Mamonde),맨 리차징 올인원 플루이드,"50ml20,000원",5.00,(1),47,/product/115606,스킨
로레알파리,맨 엑스퍼트 화이트액티브 오일컨트롤 토너,"125ml15,000원",5.00,(1),47,/product/5169,스킨
라네즈옴므,블루 에너지 스킨 토너 EX,"180ml30,000원",5.00,(1),47,/product/103968,스킨
네이처리퍼블릭,스네일 솔루션 옴므 스킨,"170ml22,000원",5.00,(1),47,/product/26347,스킨
더페이스샵,아르쌩뜨 에코-테라피 포맨 마일드 프레쉬너,"180ml13,000원",5.00,(1),47,/product/8582,스킨
이니스프리(innisfree),포레스트 포맨 센시티브 올인원 에센스,"100ml25,000원",5.00,(1),47,/product/122433,스킨
동인비,현 수,"120ml45,000원",5.00,(1),47,/product/16134,스킨
더 히스토리 오브 후,자양 스킨,"140ml50,000원",3.60,(5),55,/product/16002,스킨
엠도씨,화이트닝 트리플 이펙트 미스트,"100ml22,000원",3.67,(3),56,/product/27103,스킨
애터미,맨 토너,"140ml18,000원",4.00,(2),57,/product/84142,스킨
이니스프리(innisfree),포레스트 포맨 프리미엄 스킨,"180ml25,000원",3.50,(6),58,/product/64025,스킨
DHC(디에이치씨),MEN 올인원 모이스처 젤,"200ml16,000원",3.67,(3),59,/product/75732,스킨
갸스비(GATSBY),스킨케어 워터,"170ml12,000원",5.00,(1),60,/product/17716,스킨
무슈제이,굿 페이스 올인원,"140ml30,000원",4.00,(2),61,/product/116706,스킨
멘넨 (MENNEN),스킨브레이서 애프터쉐이브 레귤러,"180ml12,000원",3.50,(4),62,/product/29146,스킨
어퓨,난코 블랙티 포맨 리프레쉬 워터,"130ml11,000원",4.00,(1),63,/product/42639,스킨
더페이스샵,더프레시 포맨 수분 토너,"150ml17,000원",4.00,(1),63,/product/81892,스킨
보닌,마제스타 에이지리스 스킨,"120ml50,000원",4.00,(1),63,/product/3793,스킨
마몽드 (Mamonde),맨 리차징 토너,"180ml16,000원",4.00,(1),63,/product/115615,스킨
아이오페,맨 올데이 퍼펙트 톤업 올인원 [SPF15],"120ml38,000원",4.00,(1),63,/product/113402,스킨
비버리힐스 폴로클럽,멀티이펙트 올인원 에센스,120ml0원,4.00,(1),63,/product/116361,스킨
코리아나,발효녹두 옴므 토너,180ml0원,4.00,(1),63,/product/87309,스킨
마녀공장 (manyo),뱀부 시크 스킨,"150ml40,000원",4.00,(1),63,/product/123231,스킨
더샘 (the SAEM),앱솔루트 오일 컨트롤 파우더-인 토너,"125ml12,900원",4.00,(1),63,/product/12835,스킨
더샘 (the SAEM),에코 에너지 마일드 올인원 플루이드,"130ml18,000원",4.00,(1),63,/product/34544,스킨
랩시리즈,오일 컨트롤 솔루션,"100ml32,000원",4.00,(1),63,/product/10182,스킨
더스킨하우스,옴므 이노펙트 컨트롤 스킨,"130ml20,000원",5.00,(1),63,/product/19553,스킨
이니스프리(innisfree),포레스트 포맨 포어 케어 올인원 에센스,"100ml25,000원",5.00,(1),63,/product/122431,스킨
잇츠스킨 (It'S SKIN),프레스티지 토니끄 데스까르고 옴므,"120ml28,000원",5.00,(1),63,/product/10790,스킨
스킨푸드,백차 화이트닝 플루이드 포 맨,"125ml14,000원",3.50,(2),77,/product/80732,스킨
다나한,효용고 포맨 스킨,"140ml30,000원",3.50,(2),77,/product/4270,스킨
헤지스맨 룰429(RULE429),리프레싱 토너,"200ml32,000원",4.00,(1),79,/product/116543,스킨
아라미스,애프터 쉐이브,200ml0원,4.00,(1),79,/product/116381,스킨
보닌,올인원 플루이드,"100ml24,000원",4.00,(1),79,/product/3818,스킨
아이소이,퍼펙트 맨 듀얼 트리트먼트 토닉,"130ml39,800원",4.00,(1),79,/product/15761,스킨
키엘 (Kiehl's),오일 일리미네이터 샤인 컨트롤 토너,"180ml32,000원",3.40,(5),83,/product/11190,스킨
라네즈옴므,액티브 워터 스킨,"180ml26,000원",3.33,(3),84,/product/98748,스킨
아티스트리,맨 밸런싱 하이드레이터,"150ml36,000원",4.00,(1),85,/product/120249,스킨
싸이닉,아쿠아 옴므 에센스 워터,"180ml16,000원",4.00,(1),85,/product/5250,스킨
더블링스킨(THE BLING SKIN),카무카무 올인원 마스터,"125ml36,000원",4.00,(1),85,/product/116365,스킨
보타닉힐 보 아이디얼 포 맨,프레시 토너,"150ml18,000원",4.00,(1),85,/product/86922,스킨
시드물,옴므 허브 스킨,"150ml5,800원",3.25,(4),89,/product/25472,스킨
엠도씨,세붐 스트라이크 토너,"150ml18,000원",3.33,(3),90,/product/27102,스킨
라네즈옴므,듀얼 액션 에너지 스킨,"150ml33,000원",3.50,(2),91,/product/3470,스킨
쏘맨,블랙본 올마이티 올인원,"150ml13,000원",3.50,(2),91,/product/87091,스킨
보닌,JSP 오투 파워업 스킨,"140ml28,000원",3.00,(1),93,/product/3822,스킨
잇츠스킨 (It'S SKIN),더 옴므 스킨 밸런스 토너,"150 ml14,000원",3.00,(1),93,/product/65821,스킨
숨37(sum37),디어 옴므 수딩 하이드레이션 스킨,"130ml38,000원",3.00,(1),93,/product/11460,스킨
오딧세이,로맨틱 스킨 리파이너,"130ml27,000원",3.00,(1),93,/product/30983,스킨
티엔(tn),보이프랜드 액티브 클리어링 토너,"120ml12,000원",3.00,(1),93,/product/18612,스킨
라벨영,쇼킹옴므 스킨&로션,"160ml23,000원",3.00,(1),93,/product/18984,스킨
라네즈옴므,옴므 오일 컨트롤 워터로션,"150ml30,000원",3.00,(1),93,/product/34111,스킨
토니모리,유니 드 옴므 모이스처 스킨,"150ml14,800원",3.00,(1),93,/product/75810,스킨
이니스프리(innisfree),포레스트 포맨 모이스처 로션,"120ml22,000원",4.34,(58),1,/product/7200,로션
엠솔릭,드라잉 디펜더 올인원,"130ml28,000원",3.99,(69),2,/product/103049,로션
우르오스,스킨밀크,"200ml29,700원",4.00,(246),3,/product/3691,로션
불독,오리지널 모이스처라이저,"100ml20,000원",4.25,(40),4,/product/2361,로션
반트 36.5 (VANT 36.5),포 맨 올 인 원 스킨,"120ml35,000원",4.29,(31),5,/product/21577,로션
비오템옴므,아쿠아파워 건성용,"75ml53,000원",4.15,(39),6,/product/4126,로션
아이오페,맨 올데이 퍼펙트 올인원,"120ml38,000원",4.28,(29),7,/product/76406,로션
이니스프리(innisfree),포레스트 포맨 프레시 올인원 에센스,"100ml25,000원",3.76,(63),8,/product/7198,로션
스킨푸드,자작나무 수액 수분 플루이드 포맨,"125ml14,000원",4.04,(27),9,/product/33632,로션
피토메스,안티포어 리파이닝 로션,"120ml28,000원",3.97,(35),10,/product/32185,로션
시드물,옴므 올인,"140ml14,800원",4.13,(24),11,/product/82032,로션
엠솔릭,오일 디펜더 올인원,"130ml28,000원",3.57,(49),12,/product/103050,로션
라네즈옴므,듀얼 액션 에센스 로션,"40ml35,000원",4.25,(16),13,/product/3438,로션
스킨푸드,비어 원샷 수분 밸런서 포맨,"100ml19,000원",4.62,(13),14,/product/50037,로션
네이처리퍼블릭,아프리카 버드 옴므 올인원 모이스처라이저,"150ml25,000원",4.33,(12),15,/product/7994,로션
더페이스샵,허브 앤 릴리프 세범 컨트롤 로션,"150ml12,000원",4.86,(7),16,/product/7467,로션
유키누(UQINU),더마 모이스트 로션,"125ml25,000원",4.89,(9),17,/product/105472,로션
스웨거,남성 올인원 로션 페이스 옵티마이저,"135ml20,000원",3.47,(43),18,/product/23931,로션
니베아 맨,센서티브 애프터 쉐이브 로션,"100ml13,000원",3.69,(26),19,/product/54369,로션
헤라 (HERA),옴므 블랙 퍼펙트 플루이드,"120ml60,000원",3.85,(13),20,/product/8528,로션
프리메라,맨 오가니언스 모이스처라이징 에멀전,"150ml30,000원",4.00,(13),21,/product/13158,로션
랩시리즈,나이트 리커버리 로션,"50ml53,000원",4.43,(7),22,/product/10196,로션
디티알티(DTRT),로션 디어 매트,"140ml37,000원",4.00,(9),23,/product/3523,로션
더페이스샵,아르쌩뜨 에코-테라피 포맨 마일드 로션,"160ml13,000원",4.50,(6),24,/product/7479,로션
BRTC(비알티씨),파워 디펜스 스마트 에멀전,"120ml27,000원",4.50,(4),25,/product/1685,로션
아이오페,맨 에이지 트리트먼트 에멀젼,"100ml35,000원",3.86,(7),26,/product/3238,로션
크리니크 (CLINIQUE),포 맨 모이스춰라이징 로션,"100ml47,000원",4.50,(4),27,/product/6383,로션
더페이스샵,네오클래식옴므 블랙 에센셜 80에멀젼,"110ml22,900원",4.67,(3),28,/product/8583,로션
잇츠스킨 (It'S SKIN),프레스티지 로씨옹 데스까르고 옴므,"118ml28,000원",5.00,(3),28,/product/10898,로션
더 히스토리 오브 후,자양 로션,"100ml60,000원",4.25,(4),30,/product/16004,로션
로레알파리,맨 엑스퍼트 이드라 에너제틱 멀티 액션 8 리바이빙 모이스춰라이저,"50ml15,000원",3.73,(11),31,/product/5172,로션
닥터뉴엘,옴므 토탈 솔루션,"120ml30,000원",4.67,(3),32,/product/18577,로션
비오템옴므,티-쀼르 SOS 트러블 전용 로션,"50ml48,000원",4.25,(4),33,/product/4129,로션
라네즈옴므,퓨어 브라이트닝 플루이드,"125ml30,000원",4.33,(3),34,/product/12190,로션
토니모리,리젠시아 옴므 에멀전,"130ml17,800원",4.33,(3),35,/product/9150,로션
애터미,맨 로션,"140ml18,000원",5.00,(2),36,/product/84143,로션
미남프로젝트(미프),비타맥스 올인원 로션,"200ml28,900원",5.00,(2),36,/product/116371,로션
비오템옴므,티쀼르 모이스춰라이저 에어,"50ml51,000원",3.75,(8),38,/product/4128,로션
마몽드 (Mamonde),맨 리차징 로션,"150ml18,000원",4.33,(3),39,/product/115613,로션
보닌,더 캐릭터 뉴트리션 서플라이 에멀전,"140ml13,000원",4.00,(3),40,/product/3811,로션
엠도씨,릴리프 에센스 에멀젼,"100ml22,000원",4.50,(2),41,/product/27109,로션
네이처리퍼블릭,스네일 솔루션 옴므 에멀젼,"145ml22,000원",4.50,(2),41,/product/26346,로션
더바디샵,포맨 마카룻 밸런싱 훼이스 프로텍터,"100ml24,000원",4.50,(2),41,/product/11878,로션
엠도씨,화이트닝 스킨 플러스 로션,"150ml23,000원",3.60,(10),44,/product/27101,로션
비욘드,옴므 피트니스 에멀전,"130ml23,000원",4.33,(3),45,/product/89033,로션
CNP(차앤박),옴므 에이 케어 로션,"100ml29,000원",3.80,(5),46,/product/15793,로션
보닌,더 스타일 블루 파워 바이탈 에멀전,"150ml30,000원",4.00,(4),47,/product/3792,로션
입큰,맨 스타일 퍼펙트 올인원,"100ml15,000원",4.00,(3),48,/product/116322,로션
빌리프,맨올로지 101 스마트 에너지 인핸서,"100ml43,000원",4.00,(3),48,/product/75665,로션
에끌라두,셀 매직 스킨로션 옴므,"140ml57,000원",4.00,(3),48,/product/72464,로션
싸이닉,아쿠아 옴므 올인원 모이스처라이저,"100ml23,000원",4.50,(2),51,/product/116352,로션
헤라 (HERA),옴므 수퍼 브라이트닝 플루이드,"110ml45,000원",4.50,(2),51,/product/88816,로션
더페이스샵,더프레시 포맨 수분 플루이드,"170ml19,000원",3.60,(5),53,/product/81894,로션
케어존,닥터솔루션 옴므 센서티브 에멀전,"170ml25,000원",4.67,(3),54,/product/78316,로션
네이처리퍼블릭,아르간 옴므 에멀젼,"130ml13,000원",4.50,(2),54,/product/26344,로션
씨라클,오일프리 모이스처라이징 로션,"105.5ml21,000원",4.50,(2),54,/product/22547,로션
피토메스,블랙 부스터,"100ml27,000원",4.25,(4),57,/product/76137,로션
빌리프,맨올로지 101 스마트 데일리 디펜스,"100ml43,000원",3.57,(7),58,/product/82154,로션
던롭,다이나믹 블랙 올인원 포어 리프레쉬,"120ml46,000원",5.00,(1),59,/product/103902,로션
비욘드,더트리 포맨 프레쉬 에멀젼,"140ml21,000원",5.00,(1),59,/product/79135,로션
랩시리즈,레이저 번 릴리프 울트라,"100ml46,000원",5.00,(1),59,/product/10185,로션
마몽드 (Mamonde),맨 리차징 올인원 플루이드,"50ml20,000원",5.00,(1),59,/product/115606,로션
로레알파리,맨 엑스퍼트 이드라 에너제틱 퀀치맥스 로션,"50ml15,000원",5.00,(1),59,/product/24014,로션
프리메라,맨 오가니언스 세범 컷 플루이드,"100ml35,000원",5.00,(1),59,/product/116370,로션
빌리프,맨올로지 오리지널 모이스춰라이저 - 아쿠아 밤,"75ml66,000원",5.00,(1),59,/product/104028,로션
엠도씨,세붐 스트라이크 세럼,"100ml20,000원",5.00,(1),59,/product/103058,로션
시드물,옴므 허브 로션,"150ml5,800원",5.00,(1),59,/product/116225,로션
이니스프리(innisfree),포레스트 포맨 센시티브 올인원 에센스,"100ml25,000원",5.00,(1),59,/product/122433,로션
바닐라코,포맨 블루 스타일링 모이스처라이저 B [SPF30/PA++],"70ml25,000원",5.00,(1),59,/product/14726,로션
구달,피토 브리즈 포맨 아쿠아 로션,"120ml23,000원",5.00,(1),59,/product/88052,로션
동인비,현 유액,"110ml45,000원",5.00,(1),59,/product/16138,로션
비오템옴므,포스 수프림 젤 리엑티베이팅,"50ml75,000원",4.00,(2),72,/product/24123,로션
DHC(디에이치씨),MEN 올인원 모이스처 젤,"200ml16,000원",3.67,(3),73,/product/75732,로션
아크웰,포 맨 모이스처 올인원,"170ml29,000원",3.67,(3),73,/product/72652,로션
아이오페,맨 브라이트닝 에멀젼,"100ml35,000원",5.00,(1),75,/product/3239,로션
로레알파리,맨 이드라 에너제틱 2in1 스킨로션,"100ml20,000원",5.00,(1),75,/product/5195,로션
이니스프리(innisfree),포레스트 포맨 오일 컨트롤 로션,"120ml22,000원",5.00,(1),75,/product/91670,로션
이니스프리(innisfree),올리브 리얼 로션 포맨,"150ml17,000원",3.60,(5),78,/product/7207,로션
무슈제이,굿 페이스 올인원,"140ml30,000원",4.00,(2),79,/product/116706,로션
헤라 (HERA),옴므 블랙 퍼펙트 로션,"120ml50,000원",3.50,(8),80,/product/8529,로션
보닌,퓨어 워터로션,180ml0원,4.50,(2),81,/product/111350,로션
잇츠스킨 (It'S SKIN),더 옴므 더블 샷 모이스처 플루이드,"150ml20,000원",3.67,(3),82,/product/72288,로션
네이처리퍼블릭,O2 에너지 옴므 플루이드,"130ml13,000원",4.00,(1),83,/product/79027,로션
어퓨,난코 블랙티 포맨 에센셜 모이스처라이저,"130ml11,000원",4.00,(1),83,/product/42645,로션
더페이스샵,더 블랙밤 로션,"130ml23,000원",4.00,(1),83,/product/97504,로션
오딧세이,로맨틱 에멀젼,"130ml28,000원",4.00,(1),83,/product/30984,로션
랩시리즈,맥스 엘에스 스킨 리차징 워터로션,"200ml70,000원",4.00,(1),83,/product/10202,로션
아이오페,맨 안티에이징 에멀젼,120ml0원,4.00,(1),83,/product/116359,로션
아이오페,맨 올데이 퍼펙트 톤업 올인원 [SPF15],"120ml38,000원",4.00,(1),83,/product/113402,로션
비버리힐스 폴로클럽,멀티이펙트 올인원 에센스,120ml0원,4.00,(1),83,/product/116361,로션
마녀공장 (manyo),뱀부 시크 로션,"150ml40,000원",4.00,(1),83,/product/123232,로션
티엔(tn),보이프랜드 액티브 모이스춰라이저,"120ml11,700원",4.00,(1),83,/product/18613,로션
네이처리퍼블릭,셀부스팅 옴므 로션,"150ml16,000원",4.00,(1),83,/product/8003,로션
비오템옴므,아쿠아파워 올인원 프레시 로션-인-젤,"200ml50,000원",4.00,(1),83,/product/93470,로션
헤라 (HERA),옴므 올인원 페이셜 드링크,75ml0원,4.00,(1),83,/product/113367,로션
보닌,원 플루이드,"100ml29,000원",4.00,(1),83,/product/3782,로션
로레알파리,이드라파워 밀키 로션,"50ml12,000원",4.00,(1),83,/product/35361,로션
이니스프리(innisfree),포레스트 포맨 포어 케어 올인원 에센스,"100ml25,000원",5.00,(1),83,/product/122431,로션
이니스프리(innisfree),포레스트 포맨 프리미엄 로션,"120ml25,000원",4.00,(1),83,/product/95573,로션
오휘,포맨 프레쉬 로션,"115ml40,000원",4.00,(1),83,/product/6800,로션
이니스프리(innisfree),포레스트 포맨 모이스처 올인원 에센스,"100ml25,000원",4.14,(238),1,/product/6892,에센스
보타닉힐 보 아이디얼 포 맨,퍼펙트 올인원,"150ml28,000원",4.18,(139),2,/product/86923,에센스
반트 36.5 (VANT 36.5),포 맨 올 인 원 스킨,"120ml35,000원",4.29,(31),3,/product/21577,에센스
아이오페,맨 올데이 퍼펙트 올인원,"120ml38,000원",4.28,(29),4,/product/76406,에센스
이니스프리(innisfree),포레스트 포맨 프레시 올인원 에센스,"100ml25,000원",3.76,(63),5,/product/7198,에센스
스킨푸드,자작나무 수액 수분 플루이드 포맨,"125ml14,000원",4.04,(27),6,/product/33632,에센스
시드물,옴므 올인,"140ml14,800원",4.13,(24),7,/product/82032,에센스
XTM 스타일옴므 (엑스티엠),올인원 워터액션,"120ml22,000원",3.83,(29),8,/product/95346,에센스
랩시리즈,프로 엘에스 올인원 훼이스 트리트먼트,"50ml40,000원",4.09,(22),9,/product/11671,에센스
보타닉힐 보 아이디얼 포 맨,퍼펙트 워터 에센스,"150ml26,000원",3.60,(35),10,/product/86861,에센스
네이처리퍼블릭,아프리카 버드 옴므 올인원 모이스처라이저,"150ml25,000원",4.33,(12),11,/product/7994,에센스
미샤,포맨 리프레시 올인원 트리트먼트 [톤업에센스],"100ml16,800원",3.59,(34),12,/product/93896,에센스
프리메라,맨 오가니언스 세범 컨트롤 플루이드,"150ml28,000원",4.67,(9),13,/product/13156,에센스
아이오페,맨 바이오 에센스 인텐시브 컨디셔닝,"145ml42,000원",3.75,(24),14,/product/3237,에센스
블랙몬스터,올인원 데이 앤 나이트 [SPF50+/PA+++],"50ml*234,900원",4.00,(10),15,/product/105724,에센스
라네즈옴므,퓨어 브라이트닝 에센스,"50ml35,000원",4.40,(5),16,/product/12192,에센스
아이소이,퍼펙트 맨 올인원 에센스,"70ml45,000원",4.33,(6),17,/product/15769,에센스
미샤,포맨 더 퍼스트 트리트먼트 에센스,"120ml34,000원",3.71,(14),18,/product/5697,에센스
에스케이투맨 (SK-II MEN),페이셜 트리트먼트 에센스,"75ml96,000원",3.82,(11),19,/product/11645,에센스
닥터뉴엘,옴므 토탈 솔루션,"120ml30,000원",4.67,(3),20,/product/18577,에센스
로레알파리,맨 엑스퍼트 타우린 터보부스터,"50ml28,000원",4.25,(4),21,/product/18674,에센스
유키누(UQINU),더마 아크네 필 세럼,"100ml29,000원",5.00,(2),22,/product/112950,에센스
디티알티(DTRT),세럼 브라이트 아이디어,"140ml38,000원",5.00,(2),22,/product/3524,에센스
구달,포 맨 피지 브레이커 올인원 중건성용,"150ml25,000원",5.00,(2),22,/product/106248,에센스
홀리카홀리카,네이처포스 옴므 워터풀 올인원 에센스,"100ml18,900원",4.33,(3),25,/product/72286,에센스
BRTC(비알티씨),옴므 스킨 데일리 트레이너 올인원,"300ml35,000원",3.33,(63),25,/product/89470,에센스
비오템옴므,포스 수프림 원 에센스,"100ml75,000원",4.33,(3),25,/product/83974,에센스
피토메스,안티포어 리파이닝 세럼,"40ml32,000원",5.00,(3),28,/product/32187,에센스
미남프로젝트(미프),비타맥스 올인원 로션,"200ml28,900원",5.00,(2),29,/product/116371,에센스
퓨어힐스,용암송이 옴므 올인원 에센스,"150ml42,000원",5.00,(2),29,/product/41208,에센스
미샤,포맨 리프레시 올인원 트리트먼트 워터로션,"150ml14,800원",3.67,(6),31,/product/46145,에센스
코리아나,발효녹두 옴므 에멀션,150ml0원,4.50,(2),32,/product/87311,에센스
비오템옴므,에이지 휘트니스 옴므 데이 에센스,"50ml60,000원",4.50,(2),32,/product/18542,에센스
디티알티(DTRT),올인원 텐 섹,140ml0원,3.80,(5),34,/product/108141,에센스
입큰,맨 스타일 퍼펙트 올인원,"100ml15,000원",4.00,(3),35,/product/116322,에센스
CNP(차앤박),옴므 랩 올인원 플루이드,"110ml29,000원",4.33,(3),35,/product/105396,에센스
설화수 (sulwhasoo),본윤에센스,"140ml73,000원",4.50,(2),37,/product/20244,에센스
싸이닉,아쿠아 옴므 올인원 모이스처라이저,"100ml23,000원",4.50,(2),37,/product/116352,에센스
헤라 (HERA),옴므 수퍼 브라이트닝 플루이드,"110ml45,000원",4.50,(2),37,/product/88816,에센스
랩시리즈,에이지 레스큐+ 훼이스 로션,"50ml65,000원",3.90,(10),40,/product/3458,에센스
미샤,포맨 세범 브레이커 컨트롤 세럼,"60ml13,800원",4.50,(2),41,/product/93943,에센스
빌리프,맨올로지 101 스마트 데일리 디펜스,"100ml43,000원",3.57,(7),42,/product/82154,에센스
프리메라,맨 오가니언스 올인원 에센스,"50ml35,000원",4.00,(2),43,/product/95466,에센스
비욘드,더트리 포맨 프레쉬 에센스,"100ml23,000원",5.00,(1),44,/product/79134,에센스
마몽드 (Mamonde),맨 리차징 올인원 플루이드,"50ml20,000원",5.00,(1),44,/product/115606,에센스
아모레퍼시픽,맨 에센셜 플루이드,"160ml150,000원",5.00,(1),44,/product/14416,에센스
미샤,맨즈큐어 크림 에센스,"150ml16,800원",5.00,(1),44,/product/109620,에센스
미샤,맨즈큐어 톤업 에센스,"150ml16,800원",5.00,(1),44,/product/109621,에센스
에스케이투맨 (SK-II MEN),브라이트닝 세럼,"30g149,000원",5.00,(1),44,/product/3755,에센스
리엔케이 (Re:NK),셀 투 셀 옴므 에센스,"40ml90,000원",5.00,(1),44,/product/90648,에센스
BRTC(비알티씨),타임리버싱 올인원300_지성용,"310ml35,000원",5.00,(1),44,/product/88021,에센스
이니스프리(innisfree),포레스트 포맨 센시티브 올인원 에센스,"100ml25,000원",5.00,(1),44,/product/122433,에센스
이니스프리(innisfree),포레스트 포맨 오일 컨트롤 올인원 에센스,"100ml25,000원",5.00,(1),44,/product/102458,에센스
스킨푸드,양배추 오일 컨트롤 플루이드 포 맨,"125ml14,000원",3.60,(5),54,/product/77711,에센스
낫츠,28 레미디 인텐시브 세럼 포맨,"45ml34,000원",4.00,(2),55,/product/18993,에센스
무슈제이,굿 페이스 올인원,"140ml30,000원",4.00,(2),55,/product/116706,에센스
토니모리,G9 다이나믹 플루이드,"120 ml15,000원",4.00,(1),57,/product/9152,에센스
토니모리,댄디가이 화이트닝 파워 에센스,"100ml16,000원",4.00,(1),57,/product/9143,에센스
아이오페,맨 올데이 퍼펙트 톤업 올인원 [SPF15],"120ml38,000원",4.00,(1),57,/product/113402,에센스
프리메라,맨 워터리 플루이드,"100ml30,000원",4.00,(1),57,/product/120506,에센스
비버리힐스 폴로클럽,멀티이펙트 올인원 에센스,120ml0원,4.00,(1),57,/product/116361,에센스
숨37(sum37),시크릿 포맨 프로그래밍 에센스,"80ml78,000원",4.00,(1),57,/product/11404,에센스
토니모리,"에너지24 맨즈 올인원 모이스처 에센스 - 중, 건성용","120ml20,000원",4.00,(1),57,/product/112315,에센스
토니모리,"에너지24 맨즈 올인원 프레쉬 에센스 - 지,복합성용","120ml20,000원",4.00,(1),57,/product/112316,에센스
그리니프,올인원 4 젠틀맨,"120ml23,000원",5.00,(1),57,/product/103264,에센스
이니스프리(innisfree),포레스트 포맨 포어 케어 올인원 에센스,"100ml25,000원",5.00,(1),57,/product/122431,에센스
포맨트(Forment),화이트닝 옴므 에센스,"100ml31,000원",4.00,(2),67,/product/113404,에센스
보닌,올인원 플루이드,"100ml24,000원",4.00,(1),68,/product/3818,에센스
포렌코즈 (FORENCOS),퓨리파잉 블루 올인원 에센스,"100ml29,000원",4.00,(1),68,/product/88101,에센스
비오템옴므,화이트 필 에센스,"50ml56,000원",4.00,(1),68,/product/4124,에센스
비욘드,더트리 포맨 데일리 에센스,"100ml23,000원",3.50,(2),71,/product/58597,에센스
게리쏭,맨즈 원,"110ml35,000원",3.50,(2),71,/product/75540,에센스
미쟝센,멘 올앳원스 3in1 에센스,"140ml17,000원",4.00,(1),73,/product/24618,에센스
더블링스킨(THE BLING SKIN),카무카무 올인원 마스터,"125ml36,000원",4.00,(1),73,/product/116365,에센스
크리니크 (CLINIQUE),포 맨 맥시멈 하이드레이터 액티베이티드 워터-젤 컨센트레이트,"48ml60,000원",4.00,(1),73,/product/121561,에센스
라네즈옴므,포어 타이트닝 에센스,"50ml35,000원",4.00,(1),73,/product/2364,에센스
미샤,맨즈큐어 워터 에센스,"150ml16,800원",5.00,(1),77,/product/109618,에센스
더페이스샵,퍼펙트 올인원,"150ml24,000원",4.00,(1),78,/product/113356,에센스
싸이닉,아쿠아 옴므 멀티 플루이드,"140ml16,000원",3.67,(6),79,/product/5249,에센스
쏘맨,블랙본 올마이티 올인원,"150ml13,000원",3.50,(2),80,/product/87091,에센스
랩시리즈,퓨처 레스큐 리페어 세럼,"50ml79,000원",3.25,(4),81,/product/78955,에센스
엠도씨,AC 솔루션 파우더 스팟,"15ml15,000원",3.00,(1),82,/product/27111,에센스
보닌,더 스타일 블루 워터 파워 에센스,"80ml38,000원",3.00,(1),82,/product/3813,에센스
더페이스샵,더젠틀포맨 올인원 에센스,"130ml24,000원",3.00,(1),82,/product/85518,에센스
애터미,맨 에센스,"45ml20,000원",3.00,(1),82,/product/84148,에센스
아이오페,맨 트리플 리프트 세럼,"50ml42,000원",3.00,(1),82,/product/88329,에센스
에반옴므,모공전쟁 세럼,"120ml5,500원",3.00,(1),82,/product/64201,에센스
엠도씨,스킨 포어 타이트너 2.0,"30ml22,000원",3.00,(1),82,/product/27110,에센스
리리코스 (LIRIKOS),옴므 마린 미라클 플루이드,"110ml60,000원",3.00,(1),82,/product/14699,에센스
라비다,옴므 멀티 솔루션,"100ml50,000원",3.00,(1),82,/product/19870,에센스
엠도씨,워터드롭 스킨 에센스,"100ml20,000원",3.00,(1),82,/product/27097,에센스
BRTC(비알티씨),타임리버싱 옴므 에센스,"120ml27,000원",3.00,(1),82,/product/88025,에센스
톰포드,톰 포드 포 맨 스킨 리바이탈라이징 컨센트레이트,"30ml220,000원",3.00,(1),82,/product/80419,에센스
비오템옴므,하이 리차지 아이세럼 롤-온,"10ml44,000원",3.00,(1),82,/product/4117,에센스
토니모리,리젠시아 옴므 멀티 플루이드,"120ml18,800원",3.00,(2),95,/product/9149,에센스
닥터자르트,포맨 스킨 에센스,"100ml29,000원",3.60,(5),96,/product/94664,에센스
보닌,스위츠 멀티플 액션 원샷 플루이드,"100ml22,000원",3.00,(2),97,/product/3820,에센스
이니스프리(innisfree),포레스트 포맨 트러블 케어 올인원 에센스,"100ml25,000원",3.00,(2),97,/product/122432,에센스
은율,마유 남자 올인원,"125ml10,000원",3.25,(4),99,/product/87104,에센스
비오템옴므,토탈 퍼펙터 에센스로션,"40ml69,000원",3.00,(2),100,/product/4120,에센스
보타닉힐 보 아이디얼 포 맨,퍼펙트 파워 크림,"80ml22,000원",4.25,(32),1,/product/97932,크림
불독,오일 컨트롤 수분크림,"100ml20,000원",3.77,(48),2,/product/78519,크림
헬로스킨,베투스 그린보틀 올인원 워터 드롭 크림,"100ml24,000원",4.00,(33),3,/product/100045,크림
스웨거,남성 수분크림 페이스 차저,"50ml20,000원",3.79,(42),4,/product/64845,크림
보닌,퓨어 미라클 힐링 크림,"75ml26,000원",3.77,(30),5,/product/82765,크림
시드물,옴므 올인 수분 크림,"80ml15,800원",4.63,(8),6,/product/77918,크림
랩시리즈,에이지 레스큐 플러스 워터-차지드 젤 크림,"50ml69,000원",4.27,(11),7,/product/17147,크림
유키누(UQINU),더마 아크네 스팟,"20ml13,000원",4.80,(5),8,/product/107420,크림
마녀공장 (manyo),갈락포맨 올인원 크림,"100ml40,000원",5.00,(4),9,/product/86146,크림
니베아 맨,크림,"75ml 4,900원",4.17,(6),10,/product/93037,크림
보닌,에너자이징 워터 젤 크림,"100ml22,000원",4.50,(4),11,/product/3808,크림
미샤,포맨 딥씨에너지 아쿠아 크림,"50ml21,800원",4.33,(3),12,/product/5701,크림
아이오페,맨 하이드로 포스 크림,"50ml37,000원",4.00,(4),13,/product/33656,크림
비욘드,더트리 포맨 모이스처크림,"80ml23,000원",4.50,(2),14,/product/79133,크림
프리메라,맨 워터리 크림,"50ml35,000원",4.50,(2),14,/product/88814,크림
록시땅,쎄드라 글로벌 페이스 젤,"50ml45,000원",4.50,(2),14,/product/34424,크림
헤라 (HERA),옴므 수퍼 아쿠아 크림,"40ml50,000원",4.50,(2),14,/product/83967,크림
싸이닉,아쿠아 옴므 올인원 모이스처라이저,"100ml23,000원",4.50,(2),18,/product/116352,크림
미샤,포맨 아쿠아브레스 수분 크림,"60ml20,800원",4.33,(3),19,/product/78853,크림
키엘 (Kiehl's),훼이셜 퓨얼 헤비 리프팅 모이스처라이저,"50ml55,000원",4.50,(2),20,/product/11192,크림
라네즈옴므,액티브 워터 수분 크림,"50ml30,000원",4.00,(2),21,/product/98743,크림
XTM 스타일옴므 (엑스티엠),올인원 크림,"100ml25,000원",5.00,(1),22,/product/107166,크림
비오템옴므,포스 수프림 크림,"50ml89,000원",5.00,(1),22,/product/50469,크림
키엘 (Kiehl's),훼이셜 퓨얼 안티-링클 크림,"50ml52,000원",5.00,(1),22,/product/11193,크림
엠도씨,나이트 이펙트 화이트닝 겔,"100g23,000원",4.00,(2),25,/product/27112,크림
네이처리퍼블릭,스쿨 다이어리 올인원 크림 포 보이즈,"70ml7,900원",4.00,(2),25,/product/8046,크림
갸스비(GATSBY),스킨케어 아쿠아 크림,"170ml12,000원",5.00,(1),27,/product/17717,크림
디티알티(DTRT),크림 베러 투모로우,"70ml37,000원",4.00,(3),28,/product/3527,크림
젠틀프로젝트,햄프씨드 젠틀 크림,"50ml25,000원",5.00,(2),29,/product/120075,크림
듀이트리,더 클린 랩 옴므 티트리 앤 마데카소사이드 크림,"100ml27,000원",4.00,(1),30,/product/100733,크림
센텔리안 24,마데카 옴므 크림,"15ml10,000원",5.00,(1),30,/product/116537,크림
비오템옴므,아쿠아파워 프레쉬 아이크림,"15ml38,000원",4.00,(1),30,/product/78833,크림
키엘 (Kiehl's),에이지 디펜더 아이 크림,"14ml42,000원",4.00,(1),30,/product/83985,크림
크리니크 (CLINIQUE),포 맨 안티 에이지 아이 크림,"15ml48,000원",4.00,(1),30,/product/6389,크림
비오템옴므,포스 수프림 아이크림,"15ml52,000원",5.00,(1),30,/product/4116,크림
도어스 오브 런던 (DOERS OF LONDON),하이드레이팅 페이스 크림,"100ml62,000원",4.00,(1),30,/product/126751,크림
스킨푸드,헛개 에너지 크림 포 맨,"78ml19,000원",4.00,(1),30,/product/80728,크림
키엘 (Kiehl's),훼이셜 퓨얼 헤비 리프팅 아이 리페어,14ml0원,4.00,(1),30,/product/102164,크림
시슬리,시슬리움,"50ml250,000원",3.50,(2),39,/product/9287,크림
반트 36.5 (VANT 36.5),포 맨 파워풀 워터크림,"100ml38,000원",4.00,(1),40,/product/21584,크림
비오템 (BIOTHERM),아쿠아파워 72H 수분 젤 크림,"50ml58,000원",3.67,(3),41,/product/27287,크림
보타닉힐 보 아이디얼 포 맨,프레시 오일 프리 젤 크림,"80ml20,000원",4.00,(1),42,/product/105684,크림
마몽드 (Mamonde),맨 리차징 크림,"50ml20,000원",4.00,(1),43,/product/115610,크림
키엘 (Kiehl's),아이 얼러트,"15ml38,000원",4.00,(1),43,/product/11198,크림
싸이닉,아쿠아 옴므 멀티 플루이드,"140ml16,000원",3.67,(6),45,/product/5249,크림
클라란스 (CLARINS),리바이탈라이징 젤,"50 ml52,000원",3.50,(2),46,/product/12059,크림
엠도씨,수퍼 리프팅 아이크림 2.0 위드 하록실,"30ml30,000원",3.00,(1),47,/product/27115,크림
엠도씨,릴리프 수딩 겔,"100g18,000원",3.00,(3),48,/product/27113,크림
더바디샵,과라나 & 커피 에너자이징 모이스처라이저 포 맨,"100ml25,000원",2.00,(1),49,/product/127106,크림
보닌,올인원 하이드레이트,"100ml30,000원",2.67,(3),50,/product/27572,크림
키엘 (Kiehl's),울트라 훼이셜 크림 점보 리미티드 에디션,"125ml69,000원",2.40,(5),51,/product/1074,크림
무슈제이,24H 울트라 워터 수분 크림,"50g25,000원",0.00,(0),-,/product/26185,크림
메리케이 (MARY KAY),MK맨 어드밴스드 아이 크림,"18g38,000원",0.00,(0),-,/product/22033,크림
VT (브이티코스메틱),VT 워터크림 포맨,"100g18,000원",0.00,(0),-,/product/86457,크림
아쿠아 디 파르마,꼴레지오네 바비에레 아이 크림,"15ml78,000원",0.00,(0),-,/product/17276,크림
아쿠아 디 파르마,꼴레지오네 바비에레 페이스 크림,"50ml90,000원",0.00,(0),-,/product/17277,크림
어퓨,[단종] 난코 블랙티 포맨 올인원 아쿠아 크림,"60ml8,000원",4.40,(5),-,/product/46121,크림
더페이스샵,[단종] 네오 클래식 옴므 블랙 수분크림 (스페셜),"50ml + 30ml*224,900원",0.00,(0),-,/product/7473,크림
용카,누트리 크림,"40ml70,000원",0.00,(0),-,/product/24149,크림
에게이안 스토리,다마스크 로즈 포 맨 동안크림,"50ml24,500원",0.00,(0),-,/product/74874,크림
더페이스샵,더 블랙밤 크림 플루이드,"130ml26,000원",0.00,(0),-,/product/114900,크림
보닌,더 스타일 블루 허브 에센셜 워터 크림,"45ml35,000원",0.00,(0),-,/product/3814,크림
잇츠스킨 (It'S SKIN),[단종] 더 옴므 오일 컨트롤 수딩 젤,"50ml16,000원",3.50,(2),-,/product/10900,크림
유키누(UQINU),더마 모이스트 크림,"100ml23,000원",0.00,(0),-,/product/105476,크림
더페이스샵,더젠틀포맨 안티에이징 크림,"50ml24,000원",0.00,(0),-,/product/114228,크림
시몬말레,데크리스플린 크림,"50ml110,000원",0.00,(0),-,/product/88245,크림
클라란스 (CLARINS),라인 컨트롤 밤,"50ml62,000원",0.00,(0),-,/product/12063,크림
클라란스 (CLARINS),라인 컨트롤 크림,"50ml62,000원",0.00,(0),-,/product/12062,크림
랑콤 (LANCOME),레네르지 3D 아이 크림,"15ml54,000원",0.00,(0),-,/product/1268,크림
지르,리쥬버네이트에이지프로텍트 크림,"50ml75,000원",0.00,(0),-,/product/18313,크림
DHC(디에이치씨),리치&모이스쳐 페이스 크림,"50g21,000원",0.00,(0),-,/product/18302,크림
보닌,매너크림,"60ml13,500원",0.00,(0),-,/product/3815,크림
랩시리즈,맥스 LS 에이지-레스 파워 V 리프팅 크림,"50ml115,000원",0.00,(0),-,/product/56685,크림
시세이도,맨 아이 수더,"15ml45,000원",0.00,(0),-,/product/9924,크림
넘버7(No7),맨 에너자이징 모이스처라이저 [SPF15],"50ml18,000원",0.00,(0),-,/product/95870,크림
프리메라,[단종] 맨 오가니언스 에센셜 크림,"50ml30,000원",5.00,(4),-,/product/13157,크림
시세이도,맨 토탈 리바이탈라이저,"50ml82,000원",0.00,(0),-,/product/9880,크림
빌리프,[단종] 맨올로지 101 스마트 모이스춰 익스트림,"100ml43,000원",4.42,(12),-,/product/82153,크림
다슈,맨즈 아쿠아 딥 워터풀 올인원 로션,"153ml25,000원",0.00,(0),-,/product/116545,크림
다슈,맨즈 아쿠아 리얼 모이스트 올인원 크림,"153ml50,000원",0.00,(0),-,/product/116567,크림
토소웅,맨즈부스터 세라마이드 수분크림,"80ml48,000원",0.00,(0),-,/product/104822,크림
조조스(JOEJOE'S),멀티플레이어 세라마이드 크림,"50ml28,000원",0.00,(0),-,/product/79620,크림
데보나인,모이스처라이징 크림,"70ml38,900원",0.00,(0),-,/product/68325,크림
젠톨로지,모이스처라이징 크림,"50ml39,000원",0.00,(0),-,/product/75212,크림
스케다(SKEDA),바이탈 콤플렉스 비타민 크림,"50ml22,400원",0.00,(0),-,/product/116558,크림
펜할리곤스,배이욜리아 수딩밤,"150ml83,000원",0.00,(0),-,/product/33665,크림
카우쉐드(cowshed),블럭스 수딩 모이스처라이저,"100ml42,000원",0.00,(0),-,/product/79283,크림
멜린앤게츠,비타민 E 페이스 모이스처라이저,"118ml71,000원",0.00,(0),-,/product/20849,크림
보닌,빌라 드 네이처 프라이빗 풀 워터 크림,"55ml26,000원",0.00,(0),-,/product/3801,크림
라벨영,쇼킹원샷맨크림,"200ml30,000원",0.00,(0),-,/product/106435,크림
에뛰드하우스,[단종] 수분가득 콜라겐 옴므 멀티 수분크림,"50ml15,000원",3.67,(3),-,/product/7243,크림
조르지오아르마니,스킨 미네랄 포 맨 리제너레이팅 크림,"50ml120,000원",0.00,(0),-,/product/9779,크림
우르오스,스킨크림,"80g19,800원",0.00,(0),-,/product/3692,크림
참존,스킨타운 골드 크림,"60ml150,000원",0.00,(0),-,/product/18152,크림
헤지스맨 룰429(RULE429),슬리핑 퍼팩크림,"125ml32,000원",0.00,(0),-,/product/116163,크림
조르지오아르마니,아르마니 맨 퍼펙트 마스터,"75ml120,000원",0.00,(0),-,/product/9759,크림
잭블랙,아이 밤 에이지 미니마이징 젤,"17ml36,000원",0.00,(0),-,/product/20860,크림
에브리맨잭,아이 크림 에이지 디파잉,"15ml31,000원",0.00,(0),-,/product/16984,크림
피토메스,아쿠아 하이드레이션크림,"70ml38,000원",0.00,(0),-,/product/76145,크림
포맨트(Forment),아크네 옴므 이레이징크림,"50ml23,000원",0.00,(0),-,/product/123736,크림
우르오스,스킨워시,"300ml13,200원",4.19,(53),1,/product/3689,클렌징
헬로스킨,베투스 그린보틀 pH 밸런스 클렌징 젤,"200ml20,000원",4.10,(31),2,/product/100050,클렌징
엠솔릭,폼 앤 쉐이브 클렌저,"150ml12,000원",3.71,(51),3,/product/103048,클렌징
랩시리즈,멀티-액션 훼이스 워시,"200ml45,000원",4.19,(21),4,/product/3459,클렌징
이니스프리(innisfree),포레스트 포맨 프레시 클렌징 폼,"150ml10,000원",3.77,(22),5,/product/7197,클렌징
불독,오리지널 페이스 워시,"175ml12,000원",4.07,(15),6,/product/13483,클렌징
아이소이,퍼펙트맨 클렌징폼,"75ml34,000원",4.29,(7),7,/product/15754,클렌징
시세이도,우노 휩 워시 스크럽,"130g8,000원",4.67,(6),8,/product/51961,클렌징
비오템옴므,아쿠아파워 클렌저,"125ml34,000원",3.82,(11),9,/product/4099,클렌징
스웨거,클렌징 폼 페이스 파이터,"100ml15,000원",3.41,(37),10,/product/80435,클렌징
빌리프,맨올로지 101 페이셜 클렌징 폼,"160ml23,000원",4.20,(5),11,/product/4372,클렌징
시세이도,이부키 젠틀 클렌저,"125ml38,000원",4.00,(6),12,/product/9932,클렌징
러쉬(LUSH),칼라마주,"240g37,000원",4.25,(4),13,/product/89818,클렌징
홍콩시티팝,듀얼 클렌저,"50ml*227,000원",4.57,(7),14,/product/118693,클렌징
스킨푸드,비어 원샷 클렌저 포맨,"400ml13,000원",5.00,(2),15,/product/50041,클렌징
키엘 (Kiehl's),훼이셜 퓨얼 스카이 플라잉 포밍 멀티-젤,"150ml30,000원",5.00,(2),15,/product/11183,클렌징
보닌,오일컨트롤 앤 수딩 폼,"100ml12,000원",3.80,(5),17,/product/3804,클렌징
퓨어힐스,용암송이 옴므 폼클렌저,"50ml10,000원",4.00,(3),18,/product/14412,클렌징
갸스비(GATSBY),훼이셜 워시 퍼펙트 스크럽,"130g4,000원",4.00,(3),19,/product/1185,클렌징
유키누(UQINU),더마 제로 클렌저,"120ml12,000원",5.00,(1),20,/product/105478,클렌징
설화수 (sulwhasoo),리프레싱 클렌징 폼,"150ml30,000원",5.00,(1),20,/product/50529,클렌징
클라란스 (CLARINS),엑스폴리에이팅 클렌저,"125ml36,000원",5.00,(1),20,/product/12053,클렌징
비오템옴므,티-쀼르 페이셜 솝,"100g30,000원",5.00,(1),20,/product/79088,클렌징
비오템옴므,포스 수프림 클렌저,"125ml37,000원",5.00,(1),20,/product/4104,클렌징
이니스프리(innisfree),포레스트 포맨 모이스처 쉐이빙 & 클렌징 폼,"150ml10,000원",3.36,(11),25,/product/7199,클렌징
로레알파리,맨 엑스퍼트 퓨어앤매트 챠콜 블랙 아이시 폼,"100ml10,000원",5.00,(1),26,/product/5170,클렌징
그루밍랩(GROOMINGLAB),24hr 아쿠아차징 오아시스 클렌징폼,"175g23,500원",4.00,(1),27,/product/125793,클렌징
DHC(디에이치씨),MEN 올인원 딥 클렌징 워시,"500ml14,500원",4.00,(1),27,/product/75724,클렌징
시크릿(SEACRET),맨 리퀴드 페이스 워시,"100ml64,000원",4.00,(1),27,/product/27711,클렌징
토소웅,맨즈부스터 탄산수 남자 폼클렌징,"100ml18,000원",4.00,(1),27,/product/18058,클렌징
미쟝센,멘 오일피니셔 오일컨트롤 클렌징폼,"150ml10,000원",4.00,(1),27,/product/24616,클렌징
라네즈옴므,액티브 워터 폼 클렌저,"150ml15,000원",4.00,(1),27,/product/98749,클렌징
랩시리즈,오일 컨트롤 훼이스 워시,"125ml35,000원",4.00,(1),27,/product/3462,클렌징
CNP(차앤박),옴므 에이케어 포밍 클렌저,"150ml19,000원",4.00,(1),27,/product/15785,클렌징
피토메스,옴므 폼클렌져,"120ml18,000원",5.00,(1),27,/product/76143,클렌징
레이라니,청대 비누,"-13,000원",4.00,(1),27,/product/21281,클렌징
더바디샵,포맨 마카룻 훼이스 워시,"125ml14,000원",4.00,(1),27,/product/11870,클렌징
키엘 (Kiehl's),훼이셜 퓨얼 에너자이징 훼이스 워시,"250ml26,000원",4.00,(1),27,/product/11184,클렌징
갸스비(GATSBY),훼이셜 워시 모이스쳐 폼,"130g4,000원",3.50,(4),39,/product/17719,클렌징
엠도씨,릴리프 폼 클렌징,"150g12,000원",3.50,(2),40,/product/27098,클렌징
로레알파리,맨 엑스퍼트 퓨어앤매트 챠콜 블랙 스크럽 딥 액션,"100ml10,000원",3.50,(2),40,/product/5171,클렌징
비오템옴므,에이지 휘트니스 옴므 클렌저,"125ml38,000원",4.00,(1),42,/product/24125,클렌징
숨37(sum37),디어 옴므 디톡시파잉 클렌징 폼,"160ml28,000원",3.33,(3),43,/product/11465,클렌징
젠틀코드,폼 앤 쉐이빙 클렌저,"120ml10,000원",5.00,(1),44,/product/124985,클렌징
더페이스샵,더프레시 포맨 마일드 클렌징 폼,"150ml10,000원",3.00,(1),45,/product/81895,클렌징
아이오페,맨 퍼펙트 클린 올인원 클렌저,"125ml17,000원",3.00,(1),45,/product/115983,클렌징
빌리질러시,일리싯 펄라이즈드 바디 워시,"236ml30,000원",3.00,(1),45,/product/2601,클렌징
젠틀코드,저스트 원 클렌징 폼,"120ml10,000원",3.00,(1),45,/product/108454,클렌징
보타닉힐 보 아이디얼 포 맨,퍼펙트 올 클렌징폼,"130ml11,000원",3.25,(4),49,/product/86926,클렌징
포맨트(Forment),블랙헤드 바이 폼 클렌저,"120ml15,000원",3.00,(2),50,/product/98987,클렌징
니베아 맨,스킨에너지 훼이스 워시,"100ml5,500원",2.00,(1),51,/product/4239,클렌징
록시땅,쎄드라 페이스 클렌저,"150ml28,000원",2.00,(1),51,/product/34426,클렌징
비오템 (BIOTHERM),티-쀼르 솝 퓨리파잉 언클로깅 페이셜 솝,"100g25,000원",2.00,(1),51,/product/11613,클렌징
랩시리즈,맥스 엘에스 데일리 리뉴잉 클렌저,"150ml58,000원",2.50,(2),54,/product/10205,클렌징
키엘 (Kiehl's),오일 일리미네이터 엑스폴리에이팅 훼이스 워시,"200ml28,000원",3.00,(4),55,/product/11182,클렌징
로레알파리,맨 엑스퍼트 퓨어앤매트 볼케이노 폼,"100ml10,000원",3.00,(2),56,/product/5204,클렌징
보닌,JSP 오투 파워업 폼클렌저,"130ml16,000원",1.00,(1),57,/product/3803,클렌징
니베아 맨,오일 컨트롤 클렌징 폼,"50ml4,000원",1.00,(1),57,/product/2994,클렌징
블랙몬스터,올인원 포밍 클렌저,"120ml22,000원",1.00,(1),57,/product/105726,클렌징
엔프라니,옴므 하이드로 리버스 폼 클렌저,"170ml15,000원",2.00,(2),60,/product/3656,클렌징
비오템옴므,티-쀼르 클레이 2 IN 1 클렌저,"125ml36,000원",1.80,(5),61,/product/4103,클렌징
미스터파이브,24시 아쿠아차징 오아시스 클렌징폼,"175g23,500원",0.00,(0),-,/product/105267,클렌징
플로리스 런던,JF 럭셔리 비누,"3x100g58,000원",0.00,(0),-,/product/24210,클렌징
플로리스 런던,No.89 럭셔리 비누,"3x100g58,000원",0.00,(0),-,/product/24227,클렌징
폴라초이스,PC4맨 페이스 워시,"177ml23,000원",0.00,(0),-,/product/18327,클렌징
VT (브이티코스메틱),VT 원 클렌져 포 맨,"100g16,000원",0.00,(0),-,/product/86462,클렌징
마녀공장 (manyo),갈락포맨 올인원 갈락폼,"100ml15,000원",0.00,(0),-,/product/105328,클렌징
더 히스토리 오브 후,공진향 군 자양 폼 클렌저,180ml0원,0.00,(0),-,/product/116391,클렌징
더바디샵,과라나 & 커피 에너자이징 클렌저 포 맨,"150ml17,000원",0.00,(0),-,/product/113314,클렌징
멜린앤게츠,그레이프후르츠 페이스 클렌져,"236ml47,000원",0.00,(0),-,/product/20850,클렌징
이니스프리(innisfree),[단종] 그린티 클렌징 폼 포맨,"130ml7,000원",3.33,(3),-,/product/7213,클렌징
어퓨,난코 블랙티 포맨 올인원 클렌징 폼,"130ml3,000원",0.00,(0),-,/product/49265,클렌징
더페이스샵,[단종] 네오 클래식옴므 마일드 폼클렌져,"150ml8,900원",4.00,(2),-,/product/8584,클렌징
더페이스샵,[단종] 네오 클래식옴므 오일컨트롤 폼클렌져,"150ml8,900원",0.00,(0),-,/product/8585,클렌징
VDL(브이디엘),[단종] 네이키드 맨 클렌징 폼,"120ml12,000원",4.00,(1),-,/product/6189,클렌징
이아소(IASO),닥터이아소 스킨케어 포 맨 멀티 액션 폼 클렌저,"130ml20,000원",0.00,(0),-,/product/28371,클렌징
보닌,더 스타일 워터 차지 폼 클렌저,"150ml16,000원",0.00,(0),-,/product/79843,클렌징
보닌,더 스타일 퍼펙트 클렌저,"120ml15,000원",0.00,(0),-,/product/3789,클렌징
듀이트리,더 클린 랩 옴므 티트리 헬씨 폼,"170ml16,000원",0.00,(0),-,/product/100737,클렌징
벌크옴므,더 페이스 워시,"100g30,000원",0.00,(0),-,/product/116382,클렌징
니오베,더빅터 포어 타이트닝 폼 클렌져,"120ml16,000원",0.00,(0),-,/product/12850,클렌징
비욘드,더트리 포맨 딥 페이셜폼,"150ml9,000원",0.00,(0),-,/product/79137,클렌징
더페이스샵,[단종] 더프레시 포맨 퍼펙트 클렌징 폼,"200ml13,000원",0.00,(0),-,/product/73669,클렌징
맨사이언스 (MENSCIENCE),데일리 페이스 워시,"236ml38,000원",0.00,(0),-,/product/2227,클렌징
벡스터 오브 캘리포니아,데일리 페이스 워시,"300ml23,000원",0.00,(0),-,/product/14683,클렌징
라네즈옴므,듀얼 액션 무스 클렌저,"150ml22,000원",0.00,(0),-,/product/12196,클렌징
몰튼 브라운,딥-클린 미네랄 아이온 페이스 워시,"125ml36,000원",0.00,(0),-,/product/15744,클렌징
잭블랙,딥다이브 글리콜릭 페이셜 클렌저,"147ml33,000원",0.00,(0),-,/product/20863,클렌징
레오 티지아노,뚜또베네 마일드 모이스처 클렌징 폼,"100ml16,000원",0.00,(0),-,/product/84997,클렌징
낫츠,[단종] 로버스트 멀티 쉐이브 클렌저,"150ml27,000원",5.00,(1),-,/product/19001,클렌징
잇츠스킨 (It'S SKIN),리얼마초 데일리 스크럽 폼,"120ml9,500원",0.00,(0),-,/product/10895,클렌징
피토메스,리치 포밍 페이셜워시,"300ml36,000원",0.00,(0),-,/product/76144,클렌징
어퓨,마데카소사이드 블루 클렌징 폼,"130ml7,000원",0.00,(0),-,/product/109006,클렌징
리리코스 (LIRIKOS),[단종] 마린 에너지 멀티 클렌져,"150ml25,000원",0.00,(0),-,/product/8971,클렌징
헤지스맨 룰429(RULE429),마일드 필링 폼,"150ml22,000원",0.00,(0),-,/product/124461,클렌징
미즈온,매너 에너제틱 차콜 포밍 클렌져,"150ml15,000원",0.00,(0),-,/product/2360,클렌징
마몽드 (Mamonde),[단종] 맨 세범컨트롤 페이스 워시,"175ml10,000원",4.25,(4),-,/product/2600,클렌징
아모레퍼시픽,맨 에센셜 클렌징 폼,"120ml45,000원",0.00,(0),-,/product/63125,클렌징
로레알파리,맨 엑스퍼트 퓨어 앤 매트 케어 리퀴드 폼 클렌저,"150ml12,000원",0.00,(0),-,/product/14427,클렌징
마데카21 (Madeca21),맨 젠틀 페이스 워시,"115g27,000원",0.00,(0),-,/product/120252,클렌징
시세이도,우노 휩 워시 스크럽,"130g8,000원",4.67,(6),1,/product/51961,스크럽/필링
빌리프,노즈샤인 보이 블랙 에디션,"30ml26,000원",3.53,(15),2,/product/106936,스크럽/필링
비오템옴므,옴므 엑셀 브라이트 브라이트닝 필링 클렌져,"125ml36,000원",4.67,(3),3,/product/4101,스크럽/필링
엠도씨,릴리프 퍼스트 필링 젤,"100g15,000원",4.00,(1),4,/product/27100,스크럽/필링
디티알티(DTRT),페이스 스크럽 퍼스트 띵 퍼스트,"150ml23,000원",3.33,(3),5,/product/3529,스크럽/필링
디티알티(DTRT),리무버 노 포인트,"30ml22,000원",3.00,(2),6,/product/3530,스크럽/필링
크리니크 (CLINIQUE),포 맨 페이스 스크럽,"100ml34,000원",2.00,(2),7,/product/6376,스크럽/필링
티엔(tn),보이프랜드 액티브 블랙헤드 클렌저,"50ml14,000원",2.00,(2),8,/product/18614,스크럽/필링
아쿠아 디 파르마,꼴레지오네 바비에레 페이셜 클렌징 스크럽,"150ml73,000원",0.00,(0),-,/product/17283,스크럽/필링
더페이스샵,[단종] 네오 클래식옴므 쿨링 스크럽젤,"150ml8,900원",0.00,(0),-,/product/7476,스크럽/필링
젠톨로지,딥 클렌저,"150g18,000원",0.00,(0),-,/product/75215,스크럽/필링
나티오,멘즈 퓨리파잉 페이셜 스크럽,"100g17,000원",0.00,(0),-,/product/56477,스크럽/필링
미샤,[단종] 바이탈라이징 스크럽 클렌져,"150ml11,000원",4.50,(2),-,/product/5706,스크럽/필링
블랙몬스터,블랙 스크러버,"130ml25,000원",0.00,(0),-,/product/125727,스크럽/필링
카우쉐드(cowshed),블럭스 리파이닝 페이셜스크럽,"100ml42,000원",0.00,(0),-,/product/79285,스크럽/필링
쉐이브더닥터,쉐이브 젤 오일,"100ml10,500원",0.00,(0),-,/product/115443,스크럽/필링
지르,스크럽,"100ml33,000원",0.00,(0),-,/product/18310,스크럽/필링
젠톨로지,스크럽 클렌저,"150g18,000원",0.00,(0),-,/product/75214,스크럽/필링
몰튼 브라운,스킨 클리어 제이드 페이셜 엑스폴리에이터,"125ml42,000원",0.00,(0),-,/product/15743,스크럽/필링
클라란스 (CLARINS),액티브 훼이스 스크럽,"75ml34,000원",0.00,(0),-,/product/12052,스크럽/필링
플로르드망 (꽃을든남자),에너지팩토리 맨즈 클렌징 폼,"120ml12,000원",0.00,(0),-,/product/3847,스크럽/필링
불독,오리지널 페이스 스크럽,"100ml13,000원",0.00,(0),-,/product/13484,스크럽/필링
헤라 (HERA),[단종] 옴므 셀 브라이트닝 데일리 스크럽,"150ml25,000원",0.00,(0),-,/product/24627,스크럽/필링
비오템옴므,옴므 훼이셜 스크럽,"150ml36,000원",0.00,(0),-,/product/4102,스크럽/필링
에브리맨잭,페이스 스크럽 시그니쳐 민트,"150ml21,000원",0.00,(0),-,/product/16991,스크럽/필링
키엘 (Kiehl's),훼이셜 퓨얼 에너자이징 스크럽,"100ml25,000원",0.00,(0),-,/product/11186,스크럽/필링
니베아 맨,센스티브 쉐이빙 폼,"200ml6,500원",3.91,(117),1,/product/2324,쉐이빙
불독,오리지널 쉐이브 젤,"175ml9,500원",4.32,(22),2,/product/13481,쉐이빙
니베아 맨,실버 프로텍트 쉐이빙 젤,"200ml8,800원",4.00,(17),3,/product/63281,쉐이빙
러쉬(LUSH),프린스,"225g32,000원",4.60,(10),4,/product/79342,쉐이빙
니베아 맨,쿨 킥 쉐이빙 젤,"200ml4,400원",3.92,(13),5,/product/4234,쉐이빙
질레트,퓨전 프로쉴드 옐로우기,1p0원,4.80,(5),6,/product/110583,쉐이빙
젠틀프로젝트,햄프씨드 쉐이빙 오일,"50ml16,000원",4.60,(15),7,/product/114754,쉐이빙
질레트,포오미 레몬 라임 쉐이빙 크림,"175g8,900원",4.00,(8),8,/product/77852,쉐이빙
니베아 맨,센시티브 쉐이빙 젤,"200ml4,900원",3.71,(14),9,/product/4242,쉐이빙
러쉬(LUSH),더티 쉐이빙 크림,"225g35,000원",5.00,(3),10,/product/79347,쉐이빙
시슬리,휘또 바뜨 무쌍뜨,"85g105,000원",4.67,(3),11,/product/9226,쉐이빙
시드물,옴므 올인 쉐이빙 젤,"200ml11,300원",3.64,(11),12,/product/24646,쉐이빙
키엘 (Kiehl's),훼이셜 퓨얼 스카이 플라잉 포밍 멀티-젤,"150ml30,000원",5.00,(2),13,/product/11183,쉐이빙
더페이스샵,더프레시 포맨 쉐이빙 폼,"150ml7,000원",4.50,(2),14,/product/72378,쉐이빙
랩시리즈,맥시멈 컴포트 쉐이브 젤,"200ml35,000원",4.00,(3),15,/product/10186,쉐이빙
쉬크(Schick),쉬크 하이드로 모이스춰폼,"250g6,500원",4.50,(2),16,/product/114559,쉐이빙
도루코,터치 쓰리,1p0원,4.00,(2),17,/product/123940,쉐이빙
아베다 (AVEDA),맨 퓨어-포먼스™ 쉐이브 크림,"150ml30,000원",5.00,(1),18,/product/73035,쉐이빙
더바디샵,포맨 마카룻 쉐이브 크림,"125ml16,000원",5.00,(1),18,/product/11871,쉐이빙
이니스프리(innisfree),포레스트 포맨 모이스처 쉐이빙 & 클렌징 폼,"150ml10,000원",3.36,(11),20,/product/7199,쉐이빙
질레트,포오미 맨솔,"175g8,900원",3.50,(4),21,/product/77853,쉐이빙
질레트,프로글라이드 쉐이브젤 센서티브,"170g6,500원",3.50,(4),22,/product/104873,쉐이빙
바이오더마,크레알린 DS+ 플러스 포밍젤,"200ml24,000원",4.00,(1),23,/product/19035,쉐이빙
질레트,포오미 센서티브 스킨,"175g8,900원",3.50,(2),24,/product/77854,쉐이빙
숨37(sum37),디어 옴므 디톡시파잉 클렌징 폼,"160ml28,000원",3.33,(3),25,/product/11465,쉐이빙
젠틀코드,폼 앤 쉐이빙 클렌저,"120ml10,000원",5.00,(1),26,/product/124985,쉐이빙
랩시리즈,일렉트릭 쉐이브 솔루션,"100ml32,000원",3.00,(1),27,/product/10183,쉐이빙
크리니크 (CLINIQUE),포 맨 알로에 쉐이브 젤,"125ml34,000원",3.00,(1),27,/product/6379,쉐이빙
랩시리즈,3-IN-1 포스트-쉐이브,"50ml50,000원",3.40,(5),29,/product/10184,쉐이빙
니베아 맨,익스트림 콤폴트 쉐이빙 젤,"100ml4,400원",3.33,(3),30,/product/4236,쉐이빙
닥터제이,USDA 알로에 100% 수딩겔,"500ml124,000원",3.50,(2),31,/product/22402,쉐이빙
러쉬(LUSH),암브로시아,"100g14,000원",3.00,(3),32,/product/77080,쉐이빙
비오템옴므,폼쉐이버,"200ml36,000원",2.75,(4),33,/product/14413,쉐이빙
보닌,JSP 오투 파워업 폼클렌저,"130ml16,000원",1.00,(1),34,/product/3803,쉐이빙
니베아 맨,쿨 킥 쉐이빙 폼,"200ml5,500원",2.86,(7),35,/product/4235,쉐이빙
메리케이 (MARY KAY),MK맨 쉐이브 폼,"184g24,000원",0.00,(0),-,/product/22035,쉐이빙
플로리스 런던,No.89 컨디셔닝 쉐이빙 크림,"100ml52,000원",0.00,(0),-,/product/24204,쉐이빙
폴라초이스,PC4맨 쉐이브,"177ml18,000원",0.00,(0),-,/product/18569,쉐이빙
록시땅,꺄드 리치 쉐이빙 크림,"200ml35,000원",0.00,(0),-,/product/10099,쉐이빙
아쿠아 디 파르마,꼴레지오네 바비에레 쉐이빙 오일,"50ml80,000원",0.00,(0),-,/product/17278,쉐이빙
아쿠아 디 파르마,꼴레지오네 바비에레 쉐이빙 젤,"150ml57,000원",0.00,(0),-,/product/17284,쉐이빙
아쿠아 디 파르마,꼴레지오네 바비에레 쉐이빙 크림,"125ml88,000원",0.00,(0),-,/product/17281,쉐이빙
아쿠아 디 파르마,꼴레지오네 바비에레 쉐이빙 크림 튜브,"75ml63,000원",0.00,(0),-,/product/17282,쉐이빙
VDL(브이디엘),[단종] 네이키드 맨 클렌징 폼,"120ml12,000원",4.00,(1),-,/product/6189,쉐이빙
러쉬(LUSH),디플러프,"150g30,000원",0.00,(0),-,/product/89780,쉐이빙
낫츠,[단종] 로버스트 멀티 쉐이브 클렌저,"150ml27,000원",5.00,(1),-,/product/19001,쉐이빙
몰튼 브라운,리-차지 블랙 페퍼 셰이브 오일,"30ml46,000원",0.00,(0),-,/product/15746,쉐이빙
리리코스 (LIRIKOS),[단종] 마린 에너지 멀티 클렌져,"150ml25,000원",0.00,(0),-,/product/8971,쉐이빙
나티오,멘즈 스무스 쉐이브 젤,"150g14,500원",0.00,(0),-,/product/56481,쉐이빙
에반옴므,모공전쟁 모공수축팩,"100g4,800원",0.00,(0),-,/product/78556,쉐이빙
이솝(에이솝),모로칸 네롤리 쉐이빙 세럼,"60ml48,000원",0.00,(0),-,/product/8734,쉐이빙
오엠,몬타우토 쉐이빙 크림,"200ml62,000원",0.00,(0),-,/product/10267,쉐이빙
버버리,미스터 버버리 비어드 오일,"30ml60,000원",0.00,(0),-,/product/83192,쉐이빙
몰튼 브라운,보이스쳐 리지 알로에&카라이트 울트라 바,"250g32,000원",0.00,(0),-,/product/15698,쉐이빙
카우쉐드(cowshed),블럭스 스무스 쉐이빙 크림,"100ml36,000원",0.00,(0),-,/product/79284,쉐이빙
오리진스 (ORIGINS),블레이드 러너,"150ml25,000원",0.00,(0),-,/product/14831,쉐이빙
토니모리,블루 드 맨 리프레쉬 쉐이빙 폼,"150ml10,000원",0.00,(0),-,/product/121894,쉐이빙
러쉬(LUSH),비라판,"8g15,000원",0.00,(0),-,/product/89758,쉐이빙
멜린앤게츠,비타민 E 쉐이빙 크림,"118ml35,000원",0.00,(0),-,/product/20859,쉐이빙
닥터제이,셀 리바이탈라이징 하이드레이터,"30ml95,000원",0.00,(0),-,/product/22403,쉐이빙
보쏘드,쉐이브 솔루션 젤,"150ml23,000원",0.00,(0),-,/product/27075,쉐이빙
지르,쉐이브 젤,"100ml28,000원",0.00,(0),-,/product/18311,쉐이빙
도어스 오브 런던 (DOERS OF LONDON),쉐이브 크림,"100ml46,000원",0.00,(0),-,/product/126744,쉐이빙
에브리맨잭,쉐이브 크림 시그니쳐 민트,"200ml21,000원",0.00,(0),-,/product/16990,쉐이빙
쉬크(Schick),쉐이브가드 워시앤 쉐이브폼,"210g4,900원",0.00,(0),-,/product/114613,쉐이빙
오딧세이,쉐이빙 앤드 클렌징 폼,"150ml20,000원",0.00,(0),-,/product/116569,쉐이빙
갸스비(GATSBY),[단종] 쉐이빙 젤,"205g5,500원",4.14,(7),-,/product/17723,쉐이빙
비오피치나 토스카나,쉐이빙 젤,"100ml29,000원",0.00,(0),-,/product/74342,쉐이빙
갸스비(GATSBY),쉐이빙 젤 모이스트 타입,"205g5,500원",0.00,(0),-,/product/108310,쉐이빙
XTM 스타일옴므 (엑스티엠),쉐이빙 젤 센서티브,"120ml6,500원",0.00,(0),-,/product/125725,쉐이빙
갸스비(GATSBY),쉐이빙 젤 쿨 타입,"205g5,500원",0.00,(0),-,/product/108309,쉐이빙
프레쉬 (fresh),쉐이빙 크림,"150ml41,000원",0.00,(0),-,/product/15548,쉐이빙
까쉐,쉐이빙 크림,"300ml34,000원",0.00,(0),-,/product/15840,쉐이빙
갸마르드,쉐이빙 크림 델리키트 스킨&비어드,"100g20,000원",0.00,(0),-,/product/27951,쉐이빙
멜비타,쉐이빙 크림 포 맨,"150ml38,000원",0.00,(0),-,/product/13788,쉐이빙
갸스비(GATSBY),쉐이빙 폼,"190g5,000원",0.00,(0),-,/product/975,쉐이빙
와이즐리,쉐이빙젤,"150ml4,500원",0.00,(0),-,/product/122816,쉐이빙
산타마리아노벨라,쉬우마 다 바르바,"300ml48,000원",0.00,(0),-,/product/33664,쉐이빙
이니스프리(innisfree),[단종] 슈퍼푸드_블랙베리 에너자이징 클렌저&쉐이빙,"100ml6,000원",4.00,(1),-,/product/77489,쉐이빙
보닌,스무드 알로에 쉐이빙 폼,"120ml5,500원",0.00,(0),-,/product/3821,쉐이빙
클라란스 (CLARINS),스무스 쉐이브 포밍 젤,"150ml32,000원",0.00,(0),-,/product/12055,쉐이빙
XTM 스타일옴므 (엑스티엠),[단종] 스타일옴므 쉐이빙 젤 센서티브,"120ml5,900원",3.50,(2),-,/product/17017,쉐이빙
유세린,실버 쉐이브 쉐이빙 폼,"150ml20,000원",0.00,(0),-,/product/14545,쉐이빙
록시땅,쎄드라 쉐이빙 젤,"150ml26,000원",0.00,(0),-,/product/34425,쉐이빙
아르코맨 (ARKO MEN),아르코맨 센시티브 쉐이빙폼,"200ml5,900원",0.00,(0),-,/product/114555,쉐이빙
아르코맨 (ARKO MEN),아르코맨 쿨 쉐이빙폼,"200ml5,900원",0.00,(0),-,/product/114553,쉐이빙
아르코맨 (ARKO MEN),아르코맨 하이드레이트 쉐이빙폼,"200ml5,900원",0.00,(0),-,/product/114554,쉐이빙
더샘 (the SAEM),에코 에너지 포맨 다이나믹 쉐이빙 젤,"120ml10,900원",0.00,(0),-,/product/12826,쉐이빙
리얼쉐이빙 (THE REAL SHAVING Company),엑스트라 모이스처라이징 쉐이브젤,"125ml9,800원",0.00,(0),-,/product/111088,쉐이빙
닐스야드레머디스,엔 와이 알 맨 클로즈 셰이브 오일,"10ml17,800원",0.00,(0),-,/product/15218,쉐이빙
닐스야드레머디스,엔 와이 알 맨 클로즈 셰이브 크림,"100ml29,800원",0.00,(0),-,/product/15217,쉐이빙
로하셀,올 데이 하이드로 쉐이빙 무스,"120ml23,000원",0.00,(0),-,/product/92391,쉐이빙
비욘드,옴므 젠틀 페이셜 폼,"150ml19,500원",0.00,(0),-,/product/4535,쉐이빙
록시땅,옴므 코롱 쎄드라 애프터 쉐이브 젤 크림,"75ml39,000원",0.00,(0),-,/product/83956,쉐이빙
보브,옴므 퍼펙트 클렌징 폼,"150ml12,000원",0.00,(0),-,/product/5055,쉐이빙
무칸(MUKAN),옴므 프로텍션 쉐이빙 젤,"120ml25,000원",0.00,(0),-,/product/116344,쉐이빙
유한양행,웨스턴모티브 쉐이빙비누,"100g6,050원",0.00,(0),-,/product/96762,쉐이빙
토니모리,유니드 옴므 모이스처 폼클렌저,"150ml10,800원",0.00,(0),-,/product/82219,쉐이빙
존마스터스오가닉,유칼립투스 & 아가베 2in1 페이스 워시 & 쉐이브 폼,"177ml34,000원",0.00,(0),-,/product/9501,쉐이빙
니베아 맨,익스트림 콤폴트 쉐이빙 폼,"100ml3,500원",0.00,(0),-,/product/4237,쉐이빙
비오템옴므,아쿠아틱 로션 애프터 쉐이브,"200ml54,000원",4.25,(28),1,/product/4107,애프터쉐이브
니베아 맨,센서티브 애프터 쉐이브 로션,"100ml13,000원",3.69,(26),2,/product/54369,애프터쉐이브
알롱,인그로운헤어 스프레이,"125ml37,000원",4.60,(5),3,/product/101476,애프터쉐이브
록시땅,꺄드 애프터 쉐이브 밤,"75ml42,000원",4.20,(5),4,/product/10101,애프터쉐이브
불독,오리지널 에프터 쉐이브 밤,"75ml18,000원",4.67,(3),5,/product/13482,애프터쉐이브
샤넬,블루 드 샤넬 애프터쉐이브 로션,"100ml73,000원",4.00,(4),6,/product/4859,애프터쉐이브
클라란스 (CLARINS),맨 수퍼 모이스처 애프터 쉐이브 에너자이저,"100ml51,000원",4.00,(4),7,/product/14345,애프터쉐이브
크리니크 (CLINIQUE),해피 포 맨 애프터 쉐이브,"100ml45,000원",4.50,(2),8,/product/6392,애프터쉐이브
라 메르(LA MER),미스트,"100ml100,000원",3.50,(24),9,/product/9044,애프터쉐이브
니베아 맨,쿨 킥 애프터쉐이브 스킨,"100ml8,000원",4.00,(4),10,/product/4233,애프터쉐이브
DHC(디에이치씨),MEN 올인원 모이스처 젤,"200ml16,000원",3.67,(3),11,/product/75732,애프터쉐이브
무슈제이,굿 페이스 올인원,"140ml30,000원",4.00,(2),12,/product/116706,애프터쉐이브
샤넬,알뤼르 옴므 애프터쉐이브 모이스춰라이저,"100ml69,000원",4.00,(1),13,/product/4865,애프터쉐이브
더바디샵,화이트 머스크 포 맨 애프터 쉐이브 밤,"75ml25,000원",5.00,(1),13,/product/11875,애프터쉐이브
시슬리,시슬리움,"50ml250,000원",3.50,(2),15,/product/9287,애프터쉐이브
싸이닉,아쿠아 옴므 에센스 워터,"180ml16,000원",4.00,(1),16,/product/5250,애프터쉐이브
이자녹스 (ISAKNOX),X2D2 옴므 애프터쉐이브,"130ml21,000원",4.00,(1),17,/product/12394,애프터쉐이브
숨37(sum37),디어 옴므 수딩 하이드레이션 스킨,"130ml38,000원",3.00,(1),18,/product/11460,애프터쉐이브
엠도씨,릴리프 토닉 위드 애프터셰이브,"150ml20,000원",3.00,(1),18,/product/27106,애프터쉐이브
이솝(에이솝),모로칸 네롤리 포스트 쉐이브 로션,"60ml67,000원",3.00,(1),18,/product/8738,애프터쉐이브
샤넬,알뤼르 옴므 스포츠 애프터쉐이브 로션,"100ml73,000원",3.00,(1),18,/product/4870,애프터쉐이브
보닌,애프터쉐이브,"135ml24,000원",2.80,(5),22,/product/3783,애프터쉐이브
세포라 컬렉션 (SEPHORA COLLECTION),스무딩 비어드 플루이드,"50ml22,000원",0.00,(0),-,/product/106611,애프터쉐이브
플로리스 런던,JF 애프터쉐이브,"100ml105,000원",0.00,(0),-,/product/24212,애프터쉐이브
플로리스 런던,JF 애프터쉐이브 밤,"100ml105,000원",0.00,(0),-,/product/24225,애프터쉐이브
메리케이 (MARY KAY),MK맨 쿨링 애프터-쉐이브 젤,"73ml20,000원",0.00,(0),-,/product/22036,애프터쉐이브
플로리스 런던,No.89 애프터쉐이브,"100ml105,000원",0.00,(0),-,/product/24229,애프터쉐이브
니오베,The EX 오션 화이트닝 애프터 쉐이브,"140ml24,000원",0.00,(0),-,/product/12914,애프터쉐이브
아쿠아 디 파르마,꼴레지오네 바비에레 애프터 쉐이브 밤,"100ml108,000원",0.00,(0),-,/product/17280,애프터쉐이브
아쿠아 디 파르마,꼴레지오네 바비에레 애프터 쉐이브 밤 튜브,"75ml75,000원",0.00,(0),-,/product/17279,애프터쉐이브
아쿠아 디 파르마,꼴레지오네 바비에레 페이스 크림,"50ml90,000원",0.00,(0),-,/product/17277,애프터쉐이브
니오베,더오션 옴므 아쿠아 애프터 쉐이브,"150ml19,000원",0.00,(0),-,/product/12921,애프터쉐이브
숨37(sum37),[단종] 디어 옴므 올인원 에센스,"110ml60,000원",3.83,(6),-,/product/11462,애프터쉐이브
니베아 맨,딥 쉐이빙 폼,"200ml7,200원",0.00,(0),-,/product/120689,애프터쉐이브
에르메스,떼르 데르메스 애프터 쉐이브 밤,"100ml95,000원",0.00,(0),-,/product/21209,애프터쉐이브
에르메스,떼르 데르메스 애프터쉐이브 스킨,"100ml96,000원",0.00,(0),-,/product/21210,애프터쉐이브
엠도씨,릴리프 토닉 여행용 미니,"30ml4,500원",0.00,(0),-,/product/27104,애프터쉐이브
리리코스 (LIRIKOS),[단종] 마린 에너지 스킨,"125ml35,000원",4.00,(1),-,/product/8975,애프터쉐이브
라끄베르,마일드 셋 애프터 쉐이브,"160ml15,000원",0.00,(0),-,/product/17689,애프터쉐이브
랑,[단종] 마일드 토너,"120ml28,000원",0.00,(0),-,/product/15325,애프터쉐이브
더바디샵,마카 룻 & 알로에 카밍 포스트 쉐이브 워터 젤 포 맨,"160ml21,000원",0.00,(0),-,/product/113309,애프터쉐이브
불가리 (BVLGARI),맨 인 블랙 애프터 쉐이브 밤,"100ml64,000원",0.00,(0),-,/product/27573,애프터쉐이브
아베다 (AVEDA),맨 퓨어-포먼스™ 듀얼 액션 애프터쉐이브 로션,"75ml45,000원",0.00,(0),-,/product/73038,애프터쉐이브
입큰,맨 프레쉬 애프터 쉐이브 토너,"135ml16,000원",0.00,(0),-,/product/17527,애프터쉐이브
키엘 (Kiehl's),맨즈 알코올 프리 허벌 토너,"250ml32,000원",0.00,(0),-,/product/11189,애프터쉐이브
키엘 (Kiehl's),멀티 퍼포즈 훼이셜 포뮬라 포 맨,"125ml35,000원",0.00,(0),-,/product/11196,애프터쉐이브
록시땅,메르 & 미스트랄 에프터 쉐이브 밤,"75ml39,000원",0.00,(0),-,/product/20105,애프터쉐이브
코레스,메리골드 진생 애프터쉐이브 밤 라이트-텍스처드,"200ml42,000원",0.00,(0),-,/product/19375,애프터쉐이브
불가리 (BVLGARI),불가리 맨 우드 에센스 애프터 쉐이브밤,"100ml64,000원",0.00,(0),-,/product/111251,애프터쉐이브
샤넬,블루 드 샤넬 애프터쉐이브 밤,"90ml69,000원",0.00,(0),-,/product/4860,애프터쉐이브
니오베,뿌흐옴므 리턴에이지 컨트롤 애프터 쉐이브,"140ml30,000원",0.00,(0),-,/product/12915,애프터쉐이브
플로리스 런던,산탈 애프터쉐이브,"100ml105,000원",0.00,(0),-,/product/24233,애프터쉐이브
플로리스 런던,산탈 애프터쉐이브 밤,"100ml105,000원",0.00,(0),-,/product/24235,애프터쉐이브
코리아나,세니떼 옴므 블랙쉴드 토너,"135ml35,000원",0.00,(0),-,/product/19917,애프터쉐이브
록시땅,세드르 & 오랑제 애프터 쉐이브 밤,"75ml39,000원",0.00,(0),-,/product/9979,애프터쉐이브
니베아 맨,센서티브 애프터 쉐이브 스킨,"100ml13,000원",0.00,(0),-,/product/94428,애프터쉐이브
페보니아,수딩 에프터 쉐이빙 밤,"50ml80,000원",0.00,(0),-,/product/21454,애프터쉐이브
입큰,스타일 컨트롤 2종세트,"135ml*2 + 30ml*227,000원",0.00,(0),-,/product/105543,애프터쉐이브
유세린,실버 쉐이브 애프터 쉐이브 밤,"75ml35,000원",0.00,(0),-,/product/5271,애프터쉐이브
샤넬,안테우스 애프터쉐이브 모이스춰라이저,"75ml65,000원",0.00,(0),-,/product/4880,애프터쉐이브
비오피치나 토스카나,안티옥시던트 에프터쉐이브 크림,"50ml27,000원",0.00,(0),-,/product/74343,애프터쉐이브
샤넬,알뤼르 옴므 스포츠 애프터쉐이브 모이스춰라이저,"100ml69,000원",0.00,(0),-,/product/4871,애프터쉐이브
샤넬,알뤼르 옴므 애프터쉐이브 로션,"100ml73,000원",0.00,(0),-,/product/4864,애프터쉐이브
샤넬,알뤼르 옴므 에디씨옹 블랑슈 안티 샤인 애프터쉐이브 모이스춰라이져,"100ml73,000원",0.00,(0),-,/product/4875,애프터쉐이브
샤넬,알뤼르 옴므 에디씨옹 블랑슈 애프터쉐이브 로션,"100ml73,000원",0.00,(0),-,/product/4874,애프터쉐이브
갸마르드,애프터 쉐이브 모이스춰라이징 밤,"75ml49,000원",0.00,(0),-,/product/6111,애프터쉐이브
멜비타,애프터 쉐이브 밤 포 맨,"50ml45,000원",0.00,(0),-,/product/13789,애프터쉐이브
클라란스 (CLARINS),애프터 쉐이브 수더,"75ml40,000원",0.00,(0),-,/product/12056,애프터쉐이브
올드스파이스,애프터 쉐이브 클래식,188ml0원,0.00,(0),-,/product/103571,애프터쉐이브
젠톨로지,애프터쉐이브 토너,"200ml27,000원",0.00,(0),-,/product/75210,애프터쉐이브
까쉐,애프터쉐이브 힐링 밤,"30ml28,000원",0.00,(0),-,/product/15842,애프터쉐이브
니베아 맨,액티브 에이지 애프터 쉐이브 로션,"75ml13,000원",0.00,(0),-,/product/4231,애프터쉐이브
니베아 맨,액티브 에이지 애프터 쉐이브 밤,"75ml13,000원",0.00,(0),-,/product/19702,애프터쉐이브
산타마리아노벨라,에멀지오네 아날콜리카,"100ml118,000원",0.00,(0),-,/product/33663,애프터쉐이브
더샘 (the SAEM),에코에너지포맨 오일컨트롤 토너,"150ml15,000원",0.00,(0),-,/product/12797,애프터쉐이브
벡스터 오브 캘리포니아,에프터 쉐이브 밤,"120ml27,000원",0.00,(0),-,/product/20900,애프터쉐이브
클라란스 (CLARINS),에프터 쉐이브 에너자이저,"100ml46,000원",0.00,(0),-,/product/12057,애프터쉐이브
클럽맨피노드 (CLUBMANPINAUD),에프터쉐이브 로션,"177ml20,000원",0.00,(0),-,/product/123735,애프터쉐이브
닐스야드레머디스,엔 와이 알 맨 카밍 에프터-셰이브 밤,"100ml33,000원",0.00,(0),-,/product/15219,애프터쉐이브
플로리스 런던,엘리트 애프터쉐이브,"100ml105,000원",0.00,(0),-,/product/24207,애프터쉐이브
플로리스 런던,엘리트 애프터쉐이브 밤,"100ml105,000원",0.00,(0),-,/product/24209,애프터쉐이브
라끄베르,옴므 리차지 마일드 셋 애프터 쉐이브,160ml0원,0.00,(0),-,/product/116369,애프터쉐이브
비욘드,[단종] 옴므 밸런스 토너,"150ml25,500원",4.70,(10),-,/product/4540,애프터쉐이브
니오베,옴므 애프터 쉐이브,"130ml14,000원",0.00,(0),-,/product/12918,애프터쉐이브
겔랑,옴므 애프터쉐이브 로션,"80ml78,000원",0.00,(0),-,/product/15068,애프터쉐이브
디올,옴므 에프터-쉐이브 밤,"100ml70,000원",0.00,(0),-,/product/33661,애프터쉐이브
잎스코스메틱,옴므 콜라겐 에프터 쉐이브,"130ml14,000원",0.00,(0),-,/product/22686,애프터쉐이브
비욘드,[단종] 옴므 토닝 트리트먼트,"100ml39,500원",0.00,(0),-,/product/4534,애프터쉐이브
존마스터스오가닉,유칼립투스 & 아가베 2in1 모이스쳐라이저 & 에프터쉐이브,"89ml43,000원",0.00,(0),-,/product/9502,애프터쉐이브
니베아 맨,익스트림 콤폴트 케어 로션,"100ml13,000원",0.00,(0),-,/product/4238,애프터쉐이브
아쿠아 디 파르마,콜로니아 어쏘루타 애프터 쉐이브 밤,"100ml103,000원",0.00,(0),-,/product/17032,애프터쉐이브
아쿠아 디 파르마,콜로니아 에센자 애프터 쉐이브 로션,"100ml108,000원",0.00,(0),-,/product/17033,애프터쉐이브
아쿠아 디 파르마,콜로니아 에센자 애프터 쉐이브 밤,"100ml108,000원",0.00,(0),-,/product/17034,애프터쉐이브
아쿠아 디 파르마,콜로니아 인텐자 애프터 쉐이브 로션,"100ml103,000원",0.00,(0),-,/product/17035,애프터쉐이브
아쿠아 디 파르마,콜로니아 인텐자 애프터 쉐이브 밤,"100ml103,000원",0.00,(0),-,/product/17170,애프터쉐이브
아쿠아 디 파르마,콜로니아 클럽 애프터 쉐이브 밤,"100ml98,000원",0.00,(0),-,/product/90649,애프터쉐이브
다비도프,쿨워터 맨 애프터 쉐이브,"125ml57,000원",0.00,(0),-,/product/21212,애프터쉐이브
더바디샵,키스트나 애프터 쉐이브 밤,"75ml23,000원",0.00,(0),-,/product/11876,애프터쉐이브
오리진스 (ORIGINS),파이어 파이터,"50ml28,000원",0.00,(0),-,/product/14833,애프터쉐이브
클라란스 (CLARINS),프레쉬 모이스처 토너 위드 애플비니거,"200ml53,000원",0.00,(0),-,/product/79029,애프터쉐이브
프리메라,맨 오가니언스 퓨리파잉 클렌저,"150ml20,000원",4.75,(4),1,/product/13160,마스크/팩
엠도씨,스킨 포어 컨트렉션,"100g18,000원",4.00,(2),2,/product/27119,마스크/팩
엠도씨,리프레시 FM 마스크,"18ml*4매12,000원",4.00,(1),3,/product/27093,마스크/팩
엠도씨,블랙헤드 올킬 패치,1매900원,4.00,(1),3,/product/27120,마스크/팩
퓨어덤,에센스 마스크 포맨,"5ea8,900원",3.50,(2),5,/product/2303,마스크/팩
피토메스,안티포어 리파이닝 마스크,"120ml24,000원",5.00,(2),6,/product/32188,마스크/팩
플로르드망 (꽃을든남자),에너지팩토리 모이스트 부스팅 시트 마스크-세라마이드,"25ml2,500원",5.00,(1),7,/product/3857,마스크/팩
엠도씨,화이트닝 에센스 마스크,"18ml*4매16,000원",3.00,(1),8,/product/27095,마스크/팩
라네즈옴므,[어벤져스 스페셜에디션] 옴므 겔마스크,"30g*39,000원",3.00,(2),9,/product/34107,마스크/팩
올리브영,엠도씨 릴리프 에센셜 마스크,"18ml*4매12,000원",2.50,(2),10,/product/27091,마스크/팩
비오템옴므,티-쀼르 클레이 2 IN 1 클렌저,"125ml36,000원",1.80,(5),11,/product/4103,마스크/팩
프리맨,[단종] 5 in 1 토탈 컨트롤 클레이 마스크 위스키 라이,"175ml9,900원",4.50,(2),-,/product/100915,마스크/팩
토니모리,G9 올인원 파워 시트마스크,"23 ml1,000원",0.00,(0),-,/product/9153,마스크/팩
DHC(디에이치씨),MEN 딥 모이스쳐 페이스 마스크,"19ml*49,500원",0.00,(0),-,/product/75668,마스크/팩
엠솔릭,노 모어 드라이 마스크,"23g3,000원",0.00,(0),-,/product/103055,마스크/팩
엠솔릭,노 모어 세범 마스크,"23g3,000원",0.00,(0),-,/product/103054,마스크/팩
세포라 컬렉션 (SEPHORA COLLECTION),더 맨 마스크,"22ml5,000원",0.00,(0),-,/product/85433,마스크/팩
잇츠스킨 (It'S SKIN),[단종] 더 옴므 더블 샷 토탈 마스크 시트,"14ml2,000원",0.00,(0),-,/product/72291,마스크/팩
반트 36.5 (VANT 36.5),띵크 유얼 페이스 포어 타이트닝 마스크 시트,"25ml*632,000원",0.00,(0),-,/product/86058,마스크/팩
아이오페,맨 포어 클린 머드 클렌저,"125ml17,000원",0.00,(0),-,/product/115984,마스크/팩
미쟝센,멘 스킨리버스 겔 마스크팩,"1p2,000원",0.00,(0),-,/product/24617,마스크/팩
에반옴므,모공전쟁 모공수축팩,"100g4,800원",0.00,(0),-,/product/78556,마스크/팩
듀이트리,미스터 플랜 아쿠아 마스크,"25g3,000원",0.00,(0),-,/product/100741,마스크/팩
듀이트리,미스터 플랜 오일리스 마스크,"25g3,000원",0.00,(0),-,/product/100743,마스크/팩
헬로스킨,베투스 그린보틀 투스텝 마스크팩,"26ml*515,000원",0.00,(0),-,/product/100051,마스크/팩
드림스킨,블랙헤드 클리어 워시 포 맨,"100ml7,000원",0.00,(0),-,/product/93607,마스크/팩
엠도씨,세붐 스트라이크 맨테라피 마스크,"1p3,000원",0.00,(0),-,/product/116485,마스크/팩
청정미인,수 남성용 마스크팩,23g190원,0.00,(0),-,/product/67701,마스크/팩
메이키스 (MAKYTH),쉐이빙존 가드 더 시카 팩,"300g25,000원",0.00,(0),-,/product/119195,마스크/팩
반트 36.5 (VANT 36.5),아쿠아 화이트닝 마스크 시트,"25ml*631,000원",0.00,(0),-,/product/86057,마스크/팩
라네즈옴므,[단종] 액티브워터 슬리핑 팩,"100ml20,000원",4.33,(3),-,/product/12187,마스크/팩
젠틀코드,업 앤 다운 핸섬 마스크,"35ml*520,000원",0.00,(0),-,/product/108458,마스크/팩
까쉐,에너자이징 마스크,"26g*535,000원",0.00,(0),-,/product/15836,마스크/팩
알엑스88(Rx88),에코 티피오 마스크 디어맨,"25ml4,000원",0.00,(0),-,/product/87135,마스크/팩
잇츠스킨 (It'S SKIN),[단종] 엠디포뮬라 브라이트닝 마스크 시트 포맨,"22g1,500원",0.00,(0),-,/product/10786,마스크/팩
잇츠스킨 (It'S SKIN),[단종] 엠디포뮬라 워터리 마스크 시트 포맨,"22g1,500원",0.00,(0),-,/product/10785,마스크/팩
비욘드,[단종] 옴므 모이스처 마스크,"23.5g2,000원",3.67,(3),-,/product/4588,마스크/팩
라네즈 (LANEIGE),옴므 슬리핑 볼,7ml0원,0.00,(0),-,/product/117372,마스크/팩
닥터뉴엘,옴므 슬리핑팩,"100ml27,000원",0.00,(0),-,/product/116541,마스크/팩
무슈제이,이지 터치 쉐이빙 존 팩,"8g*5ea18,000원",0.00,(0),-,/product/116388,마스크/팩
이니스프리(innisfree),[단종] 천하무적 밀리터리 마스크-밤샘후,"23ml2,000원",4.00,(1),-,/product/20470,마스크/팩
이니스프리(innisfree),[단종] 천하무적 밀리터리 마스크-훈련 후,"23ml2,000원",4.33,(3),-,/product/20471,마스크/팩
이니스프리(innisfree),[단종] 천하무적 밀리터리 마스크-휴가전,"23ml2,000원",0.00,(0),-,/product/20472,마스크/팩
슈퍼페이스,카메라맨 리프팅 마스크 포 맨,"-30,000원",0.00,(0),-,/product/74669,마스크/팩
벡스터 오브 캘리포니아,클래리파잉 클레이 마스크,"120ml27,000원",0.00,(0),-,/product/14682,마스크/팩
지르,클레이 마스크,"100ml29,000원",0.00,(0),-,/product/18306,마스크/팩
톰포드,톰 포드 포 맨 인텐시브 퓨리파잉 머드 마스크,"100ml88,000원",0.00,(0),-,/product/80420,마스크/팩
이니스프리(innisfree),포레스트 포맨 그루밍 수딩 마스크,"32ml2,500원",0.00,(0),-,/product/109420,마스크/팩
미샤,포맨 3-Step 코슴도치 코팩,"3g + 0.2g + 3g2,500원",0.00,(0),-,/product/89815,마스크/팩
미샤,포맨 스킨 레스큐 시트마스크 [모공 케어],"25g2,000원",0.00,(0),-,/product/97450,마스크/팩
미샤,포맨 스킨 레스큐 시트마스크 [진정 케어],"21g2,000원",0.00,(0),-,/product/97452,마스크/팩
미샤,포맨 스킨 레스큐 시트마스크 [토탈 케어],"21g2,500원",0.00,(0),-,/product/97449,마스크/팩
미샤,[단종] 포맨 퓨어 액티브 마스크시트,"21g2,000원",0.00,(0),-,/product/5720,마스크/팩
네이처리퍼블릭,[단종] 플레저 가든 옴므 스포츠 리프레시 마스크 기획 세트,"23ml*79,900원",0.00,(0),-,/product/7852,마스크/팩
스케다(SKEDA),하이드로 오버나이트 슬리핑 팩,"100ml22,000원",0.00,(0),-,/product/116348,마스크/팩
이니스프리(innisfree),[단종] 히어로 트랜스포머 마스크,"28g3,000원",0.00,(0),-,/product/7059,마스크/팩
드림스킨,히팅오일 컨트롤 젤 마스크 포맨,"80ml20,000원",0.00,(0),-,/product/93620,마스크/팩
비레디 (BE READY),레벨업 파운데이션 포 히어로즈 [SPF50+/PA++++],"30ml20,000원",4.33,(39),1,/product/125141,메이크업
XTM 스타일옴므 (엑스티엠),멀티 BB [SPF50+/PA+++],"40ml19,500원",3.80,(45),2,/product/70561,메이크업
XTM 스타일옴므 (엑스티엠),멀티 비비 스틱 [SPF50+/PA++++],"13g18,000원",3.93,(29),3,/product/116276,메이크업
BRTC(비알티씨),타임 리버싱 썬비비,"40ml17,500원",4.31,(16),4,/product/35355,메이크업
랩시리즈,비비 틴티드 모이스춰라이저 [SPF35/PA+++],"50ml55,000원",4.16,(19),5,/product/1271,메이크업
미샤,포맨 리프레시 올인원 트리트먼트 [톤업에센스],"100ml16,800원",3.59,(34),6,/product/93896,메이크업
이니스프리(innisfree),익스트림 파워위장크림 [SPF50+/PA+++],"15g9,000원",4.17,(12),7,/product/72424,메이크업
미남프로젝트(미프),미남크림,"50ml18,200원",4.07,(14),8,/product/80565,메이크업
보타닉힐 보 아이디얼 포 맨,올디펜스 멀티 쿠션,"12g22,000원",3.53,(32),9,/product/89002,메이크업
어퓨,마데카소사이드 블루 톤 업 크림,"50ml13,000원",5.00,(5),10,/product/116491,메이크업
아이오페,맨 에어쿠션® [SPF50+/PA+++],"16g29,000원",3.71,(24),11,/product/92022,메이크업
블랙몬스터,노바디 노우즈 비비로션 [SPF50+/PA+++],"30ml23,000원",4.09,(11),12,/product/99626,메이크업
낫츠,화이트 루미네어 씨씨크림 포맨,"45ml25,000원",4.80,(5),13,/product/18997,메이크업
닥터영,이피 펄 브라이트닝 밤 [SPF35/PA++],"30ml19,000원",4.50,(6),14,/product/51357,메이크업
닥터자르트,포맨 액티브 비비크림,"50ml29,000원",4.50,(6),15,/product/4420,메이크업
더페이스샵,아르쌩뜨 에코테라피 포맨 위장크림 [SPF50+/PA+++],"7g*3ea9,000원",4.17,(6),16,/product/77856,메이크업
엠도씨,화이트닝 톤업 크림,"50ml25,000원",4.40,(5),17,/product/108170,메이크업
미소년,퍼플 딥 스노우 쿠션 [SPF50+/PA+++],"15g*225,000원",4.30,(10),18,/product/116857,메이크업
엠도씨,맨즈 비비 크림,"50g23,000원",4.20,(5),19,/product/27118,메이크업
헤라 (HERA),옴므 CC크림 [SPF35/PA++],"50ml40,000원",3.73,(11),20,/product/24622,메이크업
미소년,퍼플 퓨어 브라이트닝 비비크림 [SPF30+/PA++],"30ml22,000원",4.50,(8),21,/product/116858,메이크업
디티알티(DTRT),비비 겟 레디,"30ml22,000원",3.71,(7),22,/product/2995,메이크업
레이펄스,세범 파우더,"5g9,500원",4.67,(3),23,/product/21516,메이크업
네이처리퍼블릭,아프리카 버드 옴므 비비 모이스처라이저 [SPF30/PA++],"50ml12,000원",3.80,(5),24,/product/44053,메이크업
CNP(차앤박),옴므 액티브 선비비 [SPF50+/PA+++],"45ml30,000원",5.00,(2),25,/product/15805,메이크업
낫포유(NOT4U),남성키스밤,"4g13,900원",3.55,(20),26,/product/88263,메이크업
엠솔릭,선 비비 스틱 [SPF50+/PA+++],"10g19,000원",4.00,(3),27,/product/103051,메이크업
비오템옴므,오일 프리 BB [SPF50/PA+++],"30ml48,000원",3.78,(9),28,/product/752,메이크업
엠솔릭,가이 브로우,"1.5g12,000원",4.00,(3),29,/product/103052,메이크업
비욘드,더트리 포맨 마스터 CC,"55ml19,000원",4.50,(2),30,/product/79132,메이크업
빌리프,맨올로지 101 펑셔널 선 비비,"30ml32,000원",4.33,(3),31,/product/4370,메이크업
제너럴세븐(GENERAL7),멀티 브로우,"02g*0.5g9,000원",4.00,(3),31,/product/102175,메이크업
무슈제이,뉴페이스 비비크림 [SPF50+/PA+++],"30ml23,900원",5.00,(1),33,/product/116376,메이크업
바닐라코,포맨 블루 스타일링 모이스처라이저 B [SPF30/PA++],"70ml25,000원",5.00,(1),33,/product/14726,메이크업
샹테카이 (CHANTECAILLE),저스트 스킨,"50g100,000원",3.67,(3),35,/product/761,메이크업
오휘,내츄럴 UV CC 크림,"50ml35,000원",4.00,(2),36,/product/6806,메이크업
이니스프리(innisfree),포레스트 포맨 그루밍 톤업 크림 [SPF50+/PA++++],"50ml15,000원",5.00,(1),37,/product/109419,메이크업
포맨트(Forment),포맨 히든스틱,"7.5g20,000원",5.00,(1),37,/product/120420,메이크업
세븐피엠,남자비비크림,"50ml28,000원",4.00,(1),39,/product/79970,메이크업
아이오페,맨 올데이 퍼펙트 톤업 올인원 [SPF15],"120ml38,000원",4.00,(1),39,/product/113402,메이크업
샤넬,보이 드 샤넬 아이브로우 펜슬,"0.27g59,000원",5.00,(1),39,/product/116442,메이크업
정샘물,스킨 세팅 톤 매너 베이스 [SPF30/PA+++],"40ml32,000원",5.00,(1),39,/product/117753,메이크업
보닌,올인원 톤업,"100ml33,000원",4.00,(1),39,/product/91923,메이크업
보브,옴므 퍼펙트 액션 비비,"50ml18,000원",4.00,(1),39,/product/5043,메이크업
이니스프리(innisfree),포레스트 포맨 그루밍 컬러드 립밤,"3.3g8,000원",4.00,(1),39,/product/124664,메이크업
낫츠,28 레미디 쥬브나일 썬 비비 포맨,"45ml25,000원",3.50,(6),46,/product/3062,메이크업
페넌트(Pennant),비비 포 보이즈 [SPF50+/PA+++],"40ml29,000원",5.00,(3),47,/product/108163,메이크업
토소웅,맨즈부스터 CC크림,"30ml32,000원",4.00,(1),48,/product/11131,메이크업
바닐라코,포맨 블루 스타일링 비비 [SPF30/PA++],"30ml25,000원",4.00,(1),48,/product/14724,메이크업
네이처리퍼블릭,아프리카 버드 옴므 올인원 브라이트닝 에센스 [SPF28/PA+++],"150ml25,000원",3.50,(2),50,/product/108550,메이크업
브로앤팁스,투스텝 비비,"20ml*218,000원",5.00,(1),51,/product/105519,메이크업
미남프로젝트(미프),눈썹엔딩,"0.4g9,600원",3.00,(1),52,/product/87098,메이크업
닥터505,래쉬 커버 크림 맨 [SPF50+/PA+++],"50ml33,000원",3.00,(1),52,/product/101441,메이크업
시드물,민 퍼펙트 비비크림 포 맨,"50ml14,800원",3.00,(1),52,/product/25566,메이크업
톰포드,톰 포드 포 맨 컨실러,"2.3g58,000원",3.00,(1),52,/product/80415,메이크업
톰포드,톰 포드 포 맨 하이드레이팅 립 밤,"7g43,000원",3.00,(1),52,/product/80414,메이크업
루나,포 맨 스테이지마스터 CC크림 [SPF35/PA++],"50g23,000원",3.00,(1),52,/product/18568,메이크업
디티알티(DTRT),비비 보이즈 비 볼드,"30ml22,000원",3.29,(7),58,/product/3525,메이크업
디티알티(DTRT),숯 유어셀프,"0.2g9,900원",3.33,(3),59,/product/89105,메이크업
바닐라코,잇 래디언트 멀티플 씨씨 포 맨,"30ml25,000원",3.33,(3),59,/product/2328,메이크업
세븐피엠,2in1 멀티 립밤 포맨,"4.8g17,800원",3.67,(3),61,/product/116375,메이크업
제너럴세븐(GENERAL7),원 플루이드 그린,"170ml25,000원",3.00,(2),62,/product/93180,메이크업
라끌랑(LAQLANC),내츄럴 커버 옴므쿠션 [SPF50+/PA+++],"15g43,000원",3.00,(3),63,/product/116439,메이크업
블랙몬스터,옴므 블랙립틴트,"3g21,000원",3.00,(6),64,/product/97915,메이크업
보닌,더 스타일 블루 스타일 피니시 BB [SPF46/PA++],"50g28,000원",2.00,(1),65,/product/3812,메이크업
XTM 스타일옴므 (엑스티엠),멀티 씨씨 [SPF50+/PA+++],"40ml18,000원",2.00,(1),65,/product/79114,메이크업
스킨푸드,수박 줄무늬 위장크림 [SPF45/PA++],"15g8,000원",2.00,(1),65,/product/72427,메이크업
제너럴세븐(GENERAL7),원 쿠션 [SPF50+/PA+++],"15g*222,000원",2.00,(1),65,/product/102174,메이크업
라네즈옴므,쿨 비비 [SPF25/PA++],"50ml27,000원",3.20,(5),69,/product/11646,메이크업
엠도씨,세붐 스트라이크 HD 파우더,"4g17,000원",2.50,(2),70,/product/27121,메이크업
라네즈옴므,옴므 쿨 비비 [SPF25+/PA++],"50ml27,000원",2.50,(2),70,/product/27745,메이크업
미샤,포맨 라이트업 비비크림 (보통 피부용) [SPF50+/PA+++],"45g12,800원",2.50,(2),70,/product/89809,메이크업
맨즈스킨 (MANSSKIN),하이퍼모먼스 내츄럴업 비비,"40ml32,000원",2.50,(2),70,/product/2254,메이크업
문샷,포맨 그루밍 비비 크림 [SPF30/PA+++],"50ml18,000원",2.67,(3),74,/product/73993,메이크업
플로르드망 (꽃을든남자),에너지 팩토리 맨즈 밤,"50ml12,800원",3.00,(6),75,/product/35304,메이크업
입큰,맨 안티 스팟 컨실러,"0.6g12,000원",1.00,(1),76,/product/17531,메이크업
보쏘드,멀티 액션 비비 [SPF25/PA++],"50ml34,000원",1.00,(1),76,/product/108199,메이크업
로하셀,올 데이 래스팅 모이스처 BB 세럼,"40ml45,000원",2.33,(3),78,/product/81820,메이크업
엠도씨,스킨 포어 프라이머,"15g13,000원",2.75,(8),79,/product/79087,메이크업
플로르드망 (꽃을든남자),에너지팩토리 맨즈밤 [SPF30/PA++],"50ml23,000원",3.00,(26),80,/product/3846,메이크업
더페이스샵,[단종] (마블 에디션) 더프레시포맨 선비비크림 [SPF50+/PA+++],"50ml14,000원",3.00,(1),-,/product/93565,메이크업
라네즈옴므,(어벤져스 에디션) 옴므 선 비비 [SPF50+/PA+++],"50ml25,000원",0.00,(0),-,/product/34110,메이크업
몬스터랩,210 얼작 듀얼비비크림 [SPF30+/PA+++],"30g+3ml21,000원",0.00,(0),-,/product/111398,메이크업
마녀공장 (manyo),60brix 컬러 드롭 워터 비비 [SPF22/PA++],"20ml29,000원",0.00,(0),-,/product/125679,메이크업
토니모리,G9 모이스처 CC크림 [SPF30/PA++],"50g12,000원",0.00,(0),-,/product/8605,메이크업
잇츠스킨 (It'S SKIN),[단종] S D 포뮬라 더블 샷 선 비비 [SPF25/PA++],"50ml10,800원",0.00,(0),-,/product/10829,메이크업
나인위시스(9wishes),VB 톤업 포맨 [SPF21],"50ml39,000원",0.00,(0),-,/product/93980,메이크업
VT (브이티코스메틱),VT 씨씨크림 포맨,"50g26,000원",0.00,(0),-,/product/86075,메이크업
더페이스샵,[단종] 네오 클래식옴므 스마트 비비크림 [SPF40/PA++],"45ml12,900원",0.00,(0),-,/product/7474,메이크업
더페이스샵,[단종] 네오클래식옴므 블랙 에센셜 맨즈 CC크림,"50ml22,900원",1.75,(4),-,/product/8408,메이크업
엘리샤코이,[단종] 더 스타일 플래티넘 BB 포맨 [SPF30/PA++],"30ml19,000원",3.00,(1),-,/product/24730,메이크업
스타일씨(STYLE C),듀얼 스틱,"2.4g*216,900원",0.00,(0),-,/product/116351,메이크업
레오 티지아노,뚜또베네 아트 드로잉 아이브로우 콩테,"1p9,000원",0.00,(0),-,/product/85001,메이크업
샤넬,르 뗑 파운데이션 [SPF25/PA++],"30ml97,000원",0.00,(0),-,/product/113387,메이크업
잇츠스킨 (It'S SKIN),[단종] 리얼마초 씨씨 밤,"50ml14,800원",3.00,(1),-,/product/10897,메이크업
디어서(DearSir),리얼컴플렉션 젤 피니셔,"55ml35,000원",0.00,(0),-,/product/92462,메이크업
토니모리,[단종] 리젠시아 옴므 멀티 비비크림 [SPF43/PA+++],"50ml15,800원",3.33,(3),-,/product/9146,메이크업
세븐피엠,마스터 커버스틱,"1g12,900원",0.00,(0),-,/product/116353,메이크업
에이프릴스킨,매직 젠틀 BB,"40ml22,000원",0.00,(0),-,/product/86595,메이크업
입큰,맨 BB 플루이드,"60g23,000원",0.00,(0),-,/product/17524,메이크업
아이오페,맨 에어쿠션® [SPF50+/PA+++],"15g27,000원",3.73,(103),1,/product/34094,선케어
XTM 스타일옴므 (엑스티엠),스타일옴므 노세범 선스틱 [SPF50+/PA+++],"20g18,000원",4.62,(13),2,/product/35349,선케어
아이오페,맨 UV 쉴드 선 프로텍터 [SPF50+/PA+++],"50ml25,000원",4.27,(15),3,/product/3240,선케어
헬로스킨,베투스 그린보틀 듀얼 선스틱 [SPF50+/PA++++],"16g19,000원",3.63,(30),4,/product/100047,선케어
유키누(UQINU),더마 유브이 스틱 [SPF50+/PA++++],"20g23,000원",4.86,(7),5,/product/107421,선케어
라네즈옴므,선 프로텍션 스틱 [SPF50+/PA+++],"18g20,000원",4.00,(7),6,/product/12198,선케어
아이오페,맨 에어쿠션 선블록 [SPF34/PA++],"16g29,000원",4.50,(4),7,/product/92023,선케어
라네즈옴므,에어 라이트 선스틱 [SPF50+/PA++++],"26g23,000원",4.50,(4),8,/product/104144,선케어
더페이스샵,더프레시 포맨 레포츠선 [SPF50+/PA+++],"50ml13,000원",5.00,(2),9,/product/93562,선케어
씨라클,멜라컨트롤 데이크림 [SPF32/PA++],"50ml27,000원",5.00,(2),9,/product/22577,선케어
보닌,UV 선프로텍터,"50ml8,000원",5.00,(3),11,/product/3798,선케어
오휘,레포츠 선크림,"50ml35,000원",4.33,(3),12,/product/6805,선케어
헤지스맨 룰429(RULE429),화이트닝 선 올인원 [SPF50+/PA++++],"130ml38,000원",4.67,(3),13,/product/116990,선케어
CNP(차앤박),옴므 액티브 선비비 [SPF50+/PA+++],"45ml30,000원",5.00,(2),14,/product/15805,선케어
유키누(UQINU),더마 유브이 로션 [SPF50+/PA++++],"50ml23,000원",4.50,(2),15,/product/105480,선케어
빌리프,맨올로지 101 펑셔널 선 비비,"30ml32,000원",4.33,(3),16,/product/4370,선케어
빌리프,맨올로지 101 스마트 데일리 디펜스,"100ml43,000원",3.57,(7),17,/product/82154,선케어
보닌,JSP 수퍼 세이브 선블록 [SPF50+/PA+++],"50ml25,000원",5.00,(1),18,/product/3800,선케어
조조스(JOEJOE'S),세레모니 선크림,"50ml21,000원",5.00,(1),18,/product/79616,선케어
이지듀,옴므 선 디펜스 로션 [SPF30+/PA++],"60ml39,000원",5.00,(1),18,/product/95702,선케어
라네즈옴므,선 스포츠 [SPF50+/PA+++],"50ml25,000원",3.60,(5),21,/product/12199,선케어
키엘 (Kiehl's),훼이셜 퓨얼 UV 가드 [SPF50/PA+++],"30ml46,000원",4.00,(2),22,/product/1186,선케어
우르오스,플러스 선블록 [SPF50+/PA+++],"25ml22,000원",3.50,(6),23,/product/3693,선케어
숨37(sum37),디어 옴므 퍼펙트 선 블럭,"50ml40,000원",3.67,(3),24,/product/11464,선케어
메리케이 (MARY KAY),MK맨 어드밴스드 페이셜 하이드레이터 선스크린 [SPF30],"88ml40,000원",5.00,(1),25,/product/22037,선케어
레오 티지아노,뚜또베네 젠틀 선 비비 로션,"-36,000원",4.00,(1),25,/product/85004,선케어
보닌,스타일 가드 선블록 스틱 [SPF50+/PA+++],"19g29,000원",4.00,(1),25,/product/3817,선케어
미샤,올 어라운드 세이프 블록 레포츠 선 밀크 포맨 [SPF50+/PA++++],"70ml21,800원",4.00,(1),28,/product/89509,선케어
크리니크 (CLINIQUE),포 맨 모이스춰라이저 [SPF21],"100ml50,000원",4.00,(2),29,/product/6375,선케어
우르오스,선블록 [SPF25/PA++],"25ml17,600원",3.00,(1),30,/product/3694,선케어
어바웃미,옴므 오일 컷 선 플루이드 [SPF50+/PA+++],"50ml22,000원",3.00,(1),30,/product/75314,선케어
엠도씨,선샤인 유브이 솔루션 2.0,"70ml20,000원",3.00,(2),32,/product/27117,선케어
보타닉힐 보 아이디얼 포 맨,올디펜스 선크림 [SPF50+/PA++++],"45ml17,000원",3.30,(33),33,/product/90426,선케어
라네즈 (LANEIGE),선 BB 옴므 [SPF40/PA++],"50ml25,000원",3.25,(4),34,/product/2503,선케어
비욘드,더트리 포맨 선쉴드,"50ml14,000원",3.00,(2),35,/product/75517,선케어
문샷,포맨 하이 컷 선크림 [SPF50+/PA+++],"50ml18,000원",2.00,(1),36,/product/75843,선케어
랩시리즈,파워 프로텍터 에스피에프 50+ 피에이+++,"100ml69,000원",3.22,(9),37,/product/10192,선케어
미샤,올-어라운드 세이프 블록 선밀크 포맨 [SPF50+/PA+++],"70ml19,800원",2.80,(5),38,/product/5485,선케어
랩시리즈,데이 레스큐 디펜스 로션 [SPF35/PA++++],"50ml46,000원",2.33,(3),39,/product/106288,선케어
플로르드망 (꽃을든남자),에너지팩토리 맨즈밤 [SPF30/PA++],"50ml23,000원",3.00,(26),40,/product/3846,선케어
XTM 스타일옴므 (엑스티엠),(리뉴얼) 노세범 선스틱 [SPF50+/PA++++],"21g18,000원",0.00,(0),-,/product/121565,선케어
더페이스샵,[단종] (마블 에디션) 멀티 선쿠션 포맨 [SPF32/PA++],"15g20,000원",3.25,(8),-,/product/94752,선케어
비오템옴므,UV 디펜스 선스틱 [SPF50+/PA++++],"20g41,000원",0.00,(0),-,/product/113394,선케어
헤지스맨 룰429(RULE429),UV 디펜스 선스틱 [SPF50+/PA++++],"18.5g29,000원",0.00,(0),-,/product/126553,선케어
비오템옴므,UV 디펜스 시티 플러스 [SPF50/PA+++],"75ml69,000원",0.00,(0),-,/product/116347,선케어
비오템옴므,[단종] UV 디펜스 울트라 라이트 [SPF50/PA+++],"30ml49,000원",3.74,(27),-,/product/4133,선케어
보닌,UV 선프로텍터 스프레이 [SPF50+/PA+++],"150g15,000원",0.00,(0),-,/product/3816,선케어
랑콤 (LANCOME),[단종] UV 엑스퍼트 뉴로쉴드™ 얼티미트 액티브 프로텍션 [SPF50/PA+++],"30ml41,000원",0.00,(0),-,/product/947,선케어
에스케이투맨 (SK-II MEN),UV 프로텍트 모이스처라이저,"50g110,000원",0.00,(0),-,/product/3757,선케어
VT (브이티코스메틱),VT 선크림 포맨,"50g25,000원",0.00,(0),-,/product/85861,선케어
더 히스토리 오브 후,공진향 군 자양 선크림 [SPF45+],"80ml50,000원",0.00,(0),-,/product/16001,선케어
어퓨,[단종] 난코 블랙티 포맨 씨씨 선블록 [SPF50+/PA+++],"40g12,000원",2.00,(1),-,/product/42651,선케어
더페이스샵,[단종] 네오 클래식 옴므 데일리 선크림 [SPF40/PA++],"45ml9,900원",3.00,(1),-,/product/7482,선케어
더페이스샵,[단종] 네오 클래식 옴므 레포츠 선크림 [SPF50+/PA+++],"45ml12,900원",2.50,(4),-,/product/7470,선케어
니오베,더빅터 센슈얼 옴므 선크림 [SPF50+/PA+++],"60ml20,000원",0.00,(0),-,/product/12926,선케어
XTM 스타일옴므 (엑스티엠),데일리 톤업 선블록 [SPF50+/PA++++],"50ml15,000원",0.00,(0),-,/product/121563,선케어
헤지스맨 룰429(RULE429),디펜스 선스틱 [SPF50+/PA++++],"18.5g29,000원",0.00,(0),-,/product/124460,선케어
레오 티지아노,뚜또베네 실크 터치 선크림,"50ml2,800원",0.00,(0),-,/product/84998,선케어
낫츠,[단종] 로버스트 선 쉴드 모이스춰라이저 [SPF32/PA++],"60ml38,000원",2.00,(1),-,/product/19003,선케어
설화수 (sulwhasoo),맨 릴랙싱 유브이 프로텍터 [SPF50+/PA+++],"50ml40,000원",0.00,(0),-,/product/116378,선케어
아이오페,맨 유브이 쉴드 선 프로텍터 [SPF50+/PA+++],"50ml25,000원",0.00,(0),-,/product/116383,선케어
빌리프,맨올로지 울트라 레스큐 온 더 고 선스틱 [SPF50+/PA++++],"17g30,000원",0.00,(0),-,/product/106934,선케어
토소웅,맨즈부스터 남성선크림 [SPF50+/PA+++],"45ml18,000원",0.00,(0),-,/product/104843,선케어
토소웅,[단종] 맨즈부스터 리페어 썬크림,"45ml12,900원",3.00,(2),-,/product/11137,선케어
미샤,맨즈큐어 선 에센스 수티드 포맨 [SPF50+/PA++++],"50ml11,800원",0.00,(0),-,/product/109623,선케어
미샤,맨즈큐어 아웃도어 선 수티드 포맨 [SPF50+/PA++++],"60ml14,800원",0.00,(0),-,/product/109624,선케어
나티오,멘즈 30+ 선블록 모이스쳐라이저,"100g20,000원",0.00,(0),-,/product/56469,선케어
무슈제이,무슈제이 유브이 컷 선 에센스 [SPF50+/PA++++],"50ml23,900원",0.00,(0),-,/product/116409,선케어
더샘 (the SAEM),미네랄 옴므 블랙 스포츠 선 스틱 [SPF50+/PA++++],"15g16,000원",0.00,(0),-,/product/116654,선케어
벨라,[단종] 블라인드 선스틱 프로텍터 [SPF50+/PA+++],"16g15,000원",5.00,(2),-,/product/14679,선케어
디티알티(DTRT),[단종] 선크림 셀프 디펜스,"50ml34,000원",5.00,(1),-,/product/2365,선케어
미남프로젝트(미프),선틱 [SPF50+/PA+++],"10g28,000원",0.00,(0),-,/product/120967,선케어
디티알티(DTRT),셀프 디펜스,"50ml26,000원",0.00,(0),-,/product/59593,선케어
브로앤팁스,수퍼 라이트 선크림 [SPF50+/PA++++],"70ml24,000원",0.00,(0),-,/product/116379,선케어
브로앤팁스,수퍼내추럴 톤업 선크림 [SPF37/PA+++],"70ml24,000원",0.00,(0),-,/product/121327,선케어
보닌,스위츠 유브이 쉴드 선블록 크림 [SPF50+/PA+++],"60ml15,000원",0.00,(0),-,/product/3805,선케어
XTM 스타일옴므 (엑스티엠),스타일옴므 멀티 선 스프레이 [SPF50+/PA+++],"150ml12,000원",0.00,(0),-,/product/17022,선케어
숨37(sum37),시크릿 포맨 더 피니셔,"50ml40,000원",0.00,(0),-,/product/11405,선케어
아울(AooL),아울 런던 포맨 텐인원 에센스,"70ml24,000원",0.00,(0),-,/product/75507,선케어
XTM 스타일옴므 (엑스티엠),아웃도어 워더프루프 선블록 [SPF50+/PA++++],"50ml16,000원",0.00,(0),-,/product/121560,선케어
잇츠스킨 (It'S SKIN),어반 클래식 맨즈 선 비비 [SPF50+/PA++++],"50g18,000원",0.00,(0),-,/product/95683,선케어
더샘 (the SAEM),에코 에너지 올인원 선 플루이드 [SPF50+/PA++++],"100ml26,000원",0.00,(0),-,/product/124415,선케어
잭블랙,오일프리 선 가드 베리 워터 레지스탄트 선스크린 [SPF45],"44ml18,000원",0.00,(0),-,/product/20861,선케어
로하셀,올 데이 스마트 세이프 선블록 [SPF39/PA++],"40ml30,000원",0.00,(0),-,/product/91588,선케어
미샤,[단종] 올 어라운드 세이프 블록 데일리 선 포맨 [SPF50+/PA++++],"50ml11,800원",4.37,(57),-,/product/89511,선케어
미샤,[단종] 올 어라운드 세이프 블록 에센스 선 포맨,"50ml9,800원",4.30,(10),-,/product/36081,선케어
블랙몬스터,올인원 데이 & 나이트 [SPF50+/PA+++],"50ml34,900원",0.00,(0),-,/product/116377,선케어
비오템옴므,옴므 BB 인스탄트 그레이트 스킨 올인원 플루이드,"30ml49,000원",0.00,(0),-,/product/4132,선케어
무칸(MUKAN),옴므 비타 워터 선 젤 [SPF50+/PA+++],"50ml25,000원",0.00,(0),-,/product/116339,선케어
엔프라니,옴므 선블록 [SPF50+/PA+++],"70ml25,000원",0.00,(0),-,/product/26724,선케어
헤라 (HERA),[단종] 옴므 셀 프로텍션 선커버 레포츠 [SPF50+/PA+++],"50ml30,000원",3.75,(8),-,/product/8524,선케어
스킨79,옴므 액티브 선크림 [SPF50+/PA+++],"40g18,000원",0.00,(0),-,/product/4047,선케어
비욘드,[단종] 옴므 언더커버 선 비비크림 [SPF43/PA+++],"50ml28,000원",0.00,(0),-,/product/4514,선케어
비욘드,[단종] 옴므 울트라 선블럭 [SPF50+/PA+++],"50ml28,500원",0.00,(0),-,/product/4536,선케어
보브,옴므 퍼펙트 선블럭 [SPF50+/PA++],"50ml18,000원",0.00,(0),-,/product/5063,선케어
시크릿키,[단종] 울프가이 퍼펙트 선크림 [SPF50+/PA+++],"50ml10,900원",0.00,(0),-,/product/94458,선케어
디어서(DearSir),유브이 울트라 프로텍션 선크림 [SPF50+/PA+++],"50ml30,000원",0.00,(0),-,/product/92459,선케어
까쉐,유브이 프로텍터 로션 [SPF50+/PA+++],"50ml30,000원",0.00,(0),-,/product/15826,선케어
까쉐,유브이 프로텍터 쉐이크 [SPF50+/PA+++],"50ml30,000원",0.00,(0),-,/product/15827,선케어
까쉐,유브이 프로텍터 스프레이 [SPF50+/PA+++],"150ml30,000원",0.00,(0),-,/product/15828,선케어
엠솔릭,쿨리스트 맨 올인원 워시,"500g16,000원",4.13,(52),1,/product/107759,헤어/바디
알페신,카페인 샴푸 C1,"250ml14,000원",4.00,(32),2,/product/2326,헤어/바디
XTM 스타일옴므 (엑스티엠),퍼퓸건,"200ml12,000원",3.89,(35),3,/product/93580,헤어/바디
젠틀코드,올 데이 매너 스프레이 [젠틀맨],"80ml12,000원",3.94,(32),4,/product/107682,헤어/바디
XTM 스타일옴므 (엑스티엠),퍼퓸 핸드크림 그린우디,"70ml6,000원",4.20,(15),5,/product/81540,헤어/바디
우르오스,스칼프샴푸,"500ml29,700원",3.86,(28),6,/product/3688,헤어/바디
제이슨,댄드러프 트리트먼트 샴푸,"354ml15,600원",3.92,(13),7,/product/88381,헤어/바디
미쟝센,멘 헤드투토 올인원 샤워젤,"500ml9,900원",4.13,(8),8,/product/24506,헤어/바디
XTM 스타일옴므 (엑스티엠),퍼퓸 핸드크림 브라운머스크,"70ml6,000원",3.62,(13),9,/product/81539,헤어/바디
니베아 맨,크림,"75ml 4,900원",4.17,(6),10,/product/93037,헤어/바디
더바디샵,화이트 머스크 스포츠 헤어 앤 바디 워시,"200ml20,000원",4.50,(4),11,/product/11872,헤어/바디
아베다 (AVEDA),맨 퓨어-포먼스™ 컨디셔너,"300ml38,000원",5.00,(3),12,/product/16913,헤어/바디
더바디샵,화이트 머스크 포 맨 헤어 & 바디 워시,"200ml20,000원",4.67,(3),13,/product/4151,헤어/바디
스웨거,헤어 스릴러 멘톨 샴푸,"440ml20,000원",4.67,(3),14,/product/78424,헤어/바디
아베다 (AVEDA),맨 퓨어-포먼스 샴푸,"1000ml84,000원",4.00,(4),15,/product/16914,헤어/바디
스킨푸드,비어 원샷 클렌저 포맨,"400ml13,000원",5.00,(2),16,/product/50041,헤어/바디
스웨거,남성 향수 샤워젤 룰브레이커,"275ml22,000원",5.00,(2),17,/product/23923,헤어/바디
보드맨,패션 바디스프레이,"236ml15,000원",4.33,(3),18,/product/91490,헤어/바디
포맨트(Forment),퍼퓸 스프레이 - 코튼 허그,"200ml14,000원",4.50,(2),19,/product/101367,헤어/바디
스웨거,남성 향수 샤워젤 샷콜러,"270ml15,000원",4.50,(2),20,/product/23924,헤어/바디
니베아,맨 블랙 앤 화이트 스프레이,"200ml7,000원",3.80,(5),21,/product/24501,헤어/바디
칼밋(KKALMiT),데오드란트 바디워시,"300ml12,000원",5.00,(1),22,/product/109727,헤어/바디
클리어,딥 클린 맨 샴푸,340ml0원,5.00,(1),22,/product/114538,헤어/바디
디티알티(DTRT),라스트 샷,"200ml24,000원",5.00,(1),22,/product/89375,헤어/바디
케라스타즈,방 덴시피크 옴므,"250ml38,000원",5.00,(1),22,/product/105608,헤어/바디
샤넬,블루 드 샤넬 샤워 젤,"200ml45,000원",5.00,(1),22,/product/4861,헤어/바디
잭블랙,엠피 텐 나리싱 오일,"60ml49,000원",5.00,(1),22,/product/23780,헤어/바디
꼬달리 (CAUDALIE),젠틀 컨디셔닝 샴푸,"200ml24,000원",5.00,(1),22,/product/4186,헤어/바디
에브리맨잭,투인원 안티 댄드러프 샴푸 컨디셔너,400ml0원,5.00,(1),22,/product/109616,헤어/바디
미쟝센,멘 왁스리무버 딥 클렌징 샴푸,"500ml9,900원",5.00,(1),30,/product/24619,헤어/바디
DHC(디에이치씨),MEN 올인원 딥 클렌징 워시,"500ml14,500원",4.00,(1),31,/product/75724,헤어/바디
크리스탈,락 바디 데오도란트 와이드스틱,"100g12,000원",4.00,(1),31,/product/76410,헤어/바디
브로앤팁스,수퍼클리어 바디워시,"480ml15,000원",4.00,(1),31,/product/126702,헤어/바디
레이라니,청대 비누,"-13,000원",4.00,(1),31,/product/21281,헤어/바디
하이앙포레,하이 헤어 폴리스 샴푸 포맨,"300ml30,000원",4.00,(1),31,/product/20349,헤어/바디
카밀,카밀핸드 맨,"75ml6,900원",3.47,(15),36,/product/33918,헤어/바디
스웨거,향수 바디 스프레이 스나이퍼 오리지널,"150ml15,000원",4.00,(1),37,/product/23926,헤어/바디
비오템옴므,아쿠아피트니스 데오드란트,"50ml31,000원",3.50,(2),38,/product/24116,헤어/바디
스웨거,향수 바디 스프레이 룰브레이커,"150ml15,000원",3.75,(4),39,/product/23927,헤어/바디
미샤,포맨 비 매너 올인원 샤워 젤,"500ml10,800원",3.50,(2),40,/product/81522,헤어/바디
아베다 (AVEDA),맨 퓨어-포먼스™ 컴포지션,"50ml38,000원",3.00,(1),41,/product/73041,헤어/바디
그라펜,콜드 부스터,"100ml15,800원",3.20,(5),42,/product/108181,헤어/바디
미샤,비 매너 바디 스프레이,"200ml12,800원",3.25,(4),43,/product/76781,헤어/바디
스웨거,향수 바디 스프레이 샷콜러,"150ml15,000원",2.00,(1),44,/product/23928,헤어/바디
바세린,맨 리페어링 모이스처 로션,"450ml13,000원",3.00,(5),45,/product/21505,헤어/바디
니베아,맨 블랙 앤 화이트 롤 온,"50ml7,800원",3.09,(11),46,/product/24502,헤어/바디
스웨거,남성 향수 샤워젤 스나이퍼 오리지널,"270ml15,000원",2.00,(2),47,/product/23922,헤어/바디
버버리,미스터 버버리 바디 워시,"250ml48,000원",0.00,(0),-,/product/83194,헤어/바디
플로리스 런던,JF 모이스처라이징 바쓰&샤워 젤,"250ml65,000원",0.00,(0),-,/product/24211,헤어/바디
플로리스 런던,No.89 모이스처라이징 바쓰&샤워 젤,"250ml65,000원",0.00,(0),-,/product/24228,헤어/바디
닥터메디션,PR스트롱헤어 샴푸,"280ml29,700원",0.00,(0),-,/product/24638,헤어/바디
엠솔릭,가이 퍼퓸 미스트,"100ml15,000원",0.00,(0),-,/product/103056,헤어/바디
폴텐(foltene),남성 데일리 영양팩,"70ml44,100원",0.00,(0),-,/product/82114,헤어/바디
마이프레셔스엑스엑스 (My Precious XX),남성 청결제,"150ml33,000원",0.00,(0),-,/product/124641,헤어/바디
스웨거,[단종] 남성 향수 샴푸 & 샤워젤 스나이퍼 더블킬,"270ml25,000원",0.00,(0),-,/product/23925,헤어/바디
메다비타,남성두피 영양샴푸,"1000ml92,000원",0.00,(0),-,/product/116523,헤어/바디
더헤어머더셀러,뉴트리티브 샴푸 포 맨,"300ml27,000원",0.00,(0),-,/product/97992,헤어/바디
더페이스샵,[단종] 더젠틀포맨 매너샷 올오버미스트(마블),"200ml15,000원",0.00,(0),-,/product/94694,헤어/바디
더페이스샵,[단종] 더젠틀포맨 매너샷 올인원 워시 (마블),"400ml13,000원",0.00,(0),-,/product/94693,헤어/바디
빌리(byly),데오 스프레이 맨,"200ml9,900원",0.00,(0),-,/product/120679,헤어/바디
니베아 맨,데오드란트 롤온 딥,"50ml8,200원",0.00,(0),-,/product/119148,헤어/바디
니베아 맨,데오드란트 스프레이 드라이 임팩트,"200ml7,900원",0.00,(0),-,/product/114596,헤어/바디
케라스타즈,덴시피크 옴므 스칼프 트리트먼트 마사지,"6ml*30250,000원",0.00,(0),-,/product/105611,헤어/바디
레오놀그렐,두쉐르 베제딸 뿌르옴므,"200ml57,000원",0.00,(0),-,/product/16672,헤어/바디
레오놀그렐,또니끄 비비휘앙 뿌르옴므,"150ml68,000원",0.00,(0),-,/product/16673,헤어/바디
돌체앤가바나 뷰티 (DOLCE & GABBANA Beauty),라이트 블루 뿌르 옴므 바디 스프레이,"125ml32,000원",0.00,(0),-,/product/127516,헤어/바디
크리스탈,락 바디 데오드란트 스프레이,"118ml11,800원",0.00,(0),-,/product/76413,헤어/바디
스케다(SKEDA),럭셔리 모이스처 바디워시,"250ml13,600원",0.00,(0),-,/product/116647,헤어/바디
랩시리즈,루트 파워 리스토러티브 샴푸,"250ml45,000원",0.00,(0),-,/product/10199,헤어/바디
몰튼 브라운,리-차지 블랙 페퍼 바디 스크럽 바,"250g28,000원",0.00,(0),-,/product/15697,헤어/바디
몰튼 브라운,리-차지 블랙 페퍼 하이드란트 바디로션,"200ml39,000원",0.00,(0),-,/product/15734,헤어/바디
코레스,마그네슘 위트 프로틴 토닝 헤어 스트렝스닝 맨즈 샴푸,"250ml28,000원",0.00,(0),-,/product/19382,헤어/바디
아쿠아 디 파르마,만도를로 디 시칠리아 샤워젤,"200ml65,000원",0.00,(0),-,/product/17197,헤어/바디
젠틀코드,매너 키트,"60ml*2+80ml+100ml29,001원",0.00,(0),-,/product/114216,헤어/바디
크림21 (Creme21),맨 샴푸&바디워시 2 in 1 골드,"250ml12,000원",0.00,(0),-,/product/84221,헤어/바디
크림21 (Creme21),맨 샴푸&바디워시 2 in 1 어반,"250ml12,000원",0.00,(0),-,/product/84222,헤어/바디
로고나,맨 샴푸&샤워젤,"200ml39,000원",0.00,(0),-,/product/24385,헤어/바디
빌리프,맨올로지 101 에너자이징 바디 에멀젼,"250ml24,000원",0.00,(0),-,/product/4375,헤어/바디
빌리프,[단종] 맨올로지 101 에너자이징 바디 워시,"250ml21,000원",5.00,(1),-,/product/4373,헤어/바디
OGX(오지엑스),맨즈 딕크닝 시트러스 민트 샴푸,"385ml16,900원",0.00,(0),-,/product/12094,헤어/바디
OGX(오지엑스),맨즈 딕크닝 시트러스 민트 컨디셔너,"385ml16,900원",0.00,(0),-,/product/12095,헤어/바디
OGX(오지엑스),맨즈 시트러스 민트 3 IN 1,"385ml18,000원",0.00,(0),-,/product/12096,헤어/바디
플렉싱(FLEXIN),멀티 3 in 1 바디 워시 [서프 보이즈],"310ml30,000원",0.00,(0),-,/product/123605,헤어/바디
플렉싱(FLEXIN),멀티 3 in 1 바디 워시 [선라이즈],"310ml30,000원",0.00,(0),-,/product/123607,헤어/바디
플렉싱(FLEXIN),멀티 3 in 1 바디 워시 [스테이 쿨],"310ml30,000원",0.00,(0),-,/product/123606,헤어/바디
플렉싱(FLEXIN),멀티 3 in 1 바디 워시 [필 프레시],"310ml30,000원",0.00,(0),-,/product/123608,헤어/바디
보쏘드,멀티 액션 샴푸,"300ml28,000원",0.00,(0),-,/product/27077,헤어/바디
보쏘드,멀티 액션 트리트먼트,"300ml26,000원",0.00,(0),-,/product/27078,헤어/바디
미쟝센,멘 헤어 디펜스 탈모방지 샴푸,"500ml9,900원",0.00,(0),-,/product/24620,헤어/바디
멜린앤게츠,모이스춰라이징 샴푸,"236ml39,000원",0.00,(0),-,/product/20854,헤어/바디
아쿠아 디 파르마,미르토 디 파나레아 샤워젤,"200ml65,000원",0.00,(0),-,/product/17198,헤어/바디
버버리,미스터 버버리 데오도런트 스틱,"75g44,000원",0.00,(0),-,/product/83197,헤어/바디
버버리,미스터 버버리 데오도런트 스프레이,"150ml44,000원",0.00,(0),-,/product/83195,헤어/바디
젠톨로지,바디 워시,"300ml18,000원",0.00,(0),-,/product/75217,헤어/바디
도어스 오브 런던 (DOERS OF LONDON),바디 워시,"300ml48,000원",0.00,(0),-,/product/126742,헤어/바디
에브리맨잭,바디 워시 시트러스,"500ml21,000원",0.00,(0),-,/product/16992,헤어/바디
크로스킨,바디 핏 웜업크림,"100ml28,000원",0.00,(0),-,/product/79321,헤어/바디
블랙웨일(BLACK WHALE),바디워시,"500ml30,000원",0.00,(0),-,/product/126049,헤어/바디
레오놀그렐,뱅 떼에스 뿌르옴므,"200ml57,000원",0.00,(0),-,/product/16670,헤어/바디
레오놀그렐,뱅 트레땅 알라 프로폴리스 뿌르옴므,"200ml58,000원",0.00,(0),-,/product/16669,헤어/바디
갸스비(GATSBY),무빙 락 스프레이 슈퍼하드,"170g9,000원",3.92,(85),1,/product/1392,헤어스타일링
로레알파리,에르네뜨 스프레이,"500ml15,000원",3.92,(114),2,/product/1412,헤어스타일링
스웨거,헤어 스터너 왁스(매트&하드),"50ml15,000원",4.27,(30),3,/product/14425,헤어스타일링
XTM 스타일옴므 (엑스티엠),이지 헤어라이너,"0.9g9,000원",3.93,(29),4,/product/89219,헤어스타일링
스웨거,헤어 슬래머 포마드,"110g25,000원",4.33,(15),5,/product/18545,헤어스타일링
TS,TS착한헤어왁스,"90g35,000원",3.48,(31),6,/product/90321,헤어스타일링
미쟝센,머그샷 이블락킹 워터스프레이,"200ml10,000원",3.55,(20),7,/product/13231,헤어스타일링
갸스비(GATSBY),스타일링 젤 슈퍼하드,"200g5,000원",3.60,(15),8,/product/17713,헤어스타일링
바바리안H(BARBARIAN H),마린브럴리티 포마드 왁스,"100ml16,500원",5.00,(7),9,/product/90350,헤어스타일링
세바스찬,크래프트 클레이 리모델러블 매트 텍스처라이저,"52ml29,100원",4.17,(6),10,/product/1428,헤어스타일링
러쉬(LUSH),알앤비,"100g32,000원",3.52,(25),11,/product/1411,헤어스타일링
미쟝센,파워 스윙 왁스 익스트림 하드 M7,"80g9,000원",3.70,(10),12,/product/13251,헤어스타일링
스웨거,헤어 스터너 왁스 크림 타입 (크리미&소프트),"50g15,000원",4.75,(4),13,/product/78423,헤어스타일링
그라펜,해수 포마드,"100g19,900원",3.88,(8),14,/product/76108,헤어스타일링
로레알 프로페셔널 파리,테크니아트 스티프 왁스,"75ml26,000원",5.00,(2),15,/product/18544,헤어스타일링
수아베시토포마드,홀드 포마드,"113g32,000원",4.67,(3),16,/product/22058,헤어스타일링
갸스비(GATSBY),스타일링 젤 웨트 & 하드,"200g5,000원",4.50,(2),17,/product/17714,헤어스타일링
그라펜,니트 워터 포마드,"100g19,900원",4.50,(2),18,/product/90524,헤어스타일링
다슈,포맨 오리지널 슈퍼 매트,"100g15,000원",3.86,(7),19,/product/76107,헤어스타일링
키엘 (Kiehl's),크리에이티브 크림 왁스,"50g26,000원",4.00,(2),20,/product/11259,헤어스타일링
엘라스틴,맨인매트 엑스트라 홀드 스프레이,"200ml5,900원",5.00,(1),21,/product/123854,헤어스타일링
갸스비(GATSBY),무빙러버 에어 라이즈,"80g9,500원",5.00,(1),21,/product/17700,헤어스타일링
시세이도,우노 수퍼 하드 스프레이,"170g9,500원",5.00,(1),21,/product/112979,헤어스타일링
그라펜,컨트롤 페이스트 왁스,"70g9,800원",5.00,(1),21,/product/103656,헤어스타일링
사샤후안,헤어 왁스,"75ml26,000원",5.00,(1),21,/product/4747,헤어스타일링
미쟝센,파워스윙 헤어세이프 매트 왁스,"110ml10,000원",4.00,(2),26,/product/93157,헤어스타일링
세븐피엠,블랙 포마드,"80ml15,000원",4.50,(2),27,/product/104862,헤어스타일링
갸스비(GATSBY),왁스킵 스프레이,"125g6,500원",3.60,(5),28,/product/17709,헤어스타일링
다슈,포맨 프리미엄 울트라 홀딩 파워 왁스,"100g15,000원",4.00,(2),29,/product/112974,헤어스타일링
엘라스틴,모르타르 수퍼 매트 왁스,"95g13,000원",4.00,(1),30,/product/17786,헤어스타일링
아모스프로페셔널,몰딩포마드 왁스,"90ml15,000원",4.00,(1),30,/product/72923,헤어스타일링
다슈,포 맨 프리미엄 와일드 디자인 크러쉬 왁스,"100ml15,000원",4.00,(1),30,/product/116550,헤어스타일링
이니스프리(innisfree),포레스트 포맨 헤어 스틱 왁스,"15g8,000원",4.00,(1),30,/product/91676,헤어스타일링
보나파이드,포마드 슈퍼 슈피리어 홀드,120.5g0원,4.00,(1),30,/product/104786,헤어스타일링
네이처리퍼블릭,헤어 앤 네이처 샤이닝 헤어 글레이즈,"150ml4,900원",4.00,(1),30,/product/8230,헤어스타일링
아모스프로페셔널,맨 컬링 웍스,"120ml20,000원",3.50,(2),36,/product/14420,헤어스타일링
르네휘테르 (Rene furterer),볼륨미아 볼륨 무스,"200ml54,000원",4.00,(1),37,/product/1396,헤어스타일링
아베다 (AVEDA),브릴리언트 휴멕턴트 포마드,"75ml29,000원",4.00,(1),37,/product/16907,헤어스타일링
갸스비(GATSBY),무빙러버 와일드 쉐이크,"80g9,500원",3.60,(5),39,/product/17697,헤어스타일링
갸스비(GATSBY),퍼펙트 홀드 왁스 숏 하드,"60g12,000원",3.33,(3),40,/product/17704,헤어스타일링
다슈,클래식 하드와이어 킵 스프레이,"250ml18,000원",3.50,(2),41,/product/112967,헤어스타일링
그라펜,세이프 왁스,"60g19,000원",4.00,(1),42,/product/103495,헤어스타일링
잇츠스킨 (It'S SKIN),잇 스타일 프로 헤어 프리미엄 클래식 포마드,"80ml9,500원",4.00,(1),42,/product/85293,헤어스타일링
셀리본,선수7 퍼펙션 리메이크 매트 홀딩 왁스,"100ml18,000원",5.00,(1),44,/product/76473,헤어스타일링
존마스터스오가닉,버번 바닐라 & 텐저린 헤어 텍스처라이저,"57g39,000원",3.00,(1),45,/product/9530,헤어스타일링
스킨푸드,블랙빈 픽스 하드 왁스,"100ml9,000원",3.00,(1),45,/product/82344,헤어스타일링
미쟝센,스테이지 텍스쳐 소프트 매트 왁스,"100g13,000원",3.00,(1),45,/product/80735,헤어스타일링
엘라스틴,켄 스타일 킵 스프레이 스트롱 하드,"200ml6,500원",3.00,(1),45,/product/17800,헤어스타일링
엘라스틴,포맨 익스트림 하드왁스,"100ml8,500원",3.00,(1),45,/product/17792,헤어스타일링
세븐피엠,포멀 포마드,"80ml15,000원",3.00,(1),45,/product/104861,헤어스타일링
스웨거,헤어 트위스터 단백질 컬크림,"100ml15,000원",3.00,(1),45,/product/112977,헤어스타일링
갸스비(GATSBY),헤어잼 엣지 뉘앙스,"120ml10,000원",3.00,(1),45,/product/94424,헤어스타일링
갸스비(GATSBY),무빙러버 쿨 웨트,"80g9,500원",3.17,(6),53,/product/17699,헤어스타일링
미쟝센,파워 스윙왁스 슈퍼하드 M6,"80g9,000원",3.33,(6),53,/product/13250,헤어스타일링
갸스비(GATSBY),헤어잼 스마트 뉘앙스,"120ml10,000원",3.00,(2),55,/product/17695,헤어스타일링
갸스비(GATSBY),헤어잼 타이트 뉘앙스,"120ml10,000원",3.25,(4),56,/product/17694,헤어스타일링
아베다 (AVEDA),맨 퓨어-포먼스 그루밍 클레이,"75ml30,000원",2.00,(1),57,/product/16909,헤어스타일링
엘라스틴,모르타르 클래식 포마드,"130ml13,000원",2.00,(1),57,/product/17788,헤어스타일링
스킨푸드,블랙빈 픽스 워터 스프레이,"200ml15,000원",2.00,(1),57,/product/82346,헤어스타일링
갸스비(GATSBY),무빙러버 그란지 매트,"80g9,500원",3.48,(23),60,/product/17701,헤어스타일링
미쟝센,파워 스윙 왁스 울트라홀드 S7,"80g9,000원",2.67,(3),61,/product/13248,헤어스타일링
갸스비(GATSBY),안티 락 스프레이 뉘앙스 홀드,"130g9,000원",2.67,(3),62,/product/17708,헤어스타일링
갸스비(GATSBY),셋 앤 킵 수퍼하드 스프레이,"180g8,000원",3.34,(29),63,/product/17710,헤어스타일링
네이처리퍼블릭,아르간 에센셜 내추럴 웨이브 왁스,"100ml7,000원",3.00,(7),64,/product/8394,헤어스타일링
갸스비(GATSBY),스타일링 울트라 하드 왁스,"80g9,500원",2.83,(6),65,/product/17706,헤어스타일링
다슈,포 맨 프리미엄 울트라 매트 다운스틱왁스,"40ml15,000원",3.33,(6),66,/product/21987,헤어스타일링
엘라스틴,눌러쓰는 왁스 웨이브 에멀전 왁스,"90ml7,500원",2.00,(2),67,/product/1369,헤어스타일링
갸스비(GATSBY),무빙러버 루즈 셔플,"80g9,500원",2.33,(3),68,/product/17698,헤어스타일링
갸스비(GATSBY),무빙러버 스파이키엣지,"80g7,200원",3.32,(31),69,/product/1393,헤어스타일링
갸스비(GATSBY),헤어잼 러프 뉘앙스,"120ml10,000원",1.50,(2),70,/product/17696,헤어스타일링
다슈,포맨 프리미엄 울트라 본드 젤 다운,"100ml18,000원",1.00,(2),71,/product/112968,헤어스타일링
갸스비(GATSBY),수퍼하드 스타일링폼,"185g7,500원",2.45,(11),72,/product/17711,헤어스타일링
미쟝센,머그샷 파파라치 글루왁스,"100g13,000원",2.25,(8),73,/product/2606,헤어스타일링
아리따움,ABC 포마드 클래식,"70ml10,000원",0.00,(0),-,/product/116506,헤어스타일링
VT (브이티코스메틱),VT 마이크로 홀딩 왁스,"100g8,900원",0.00,(0),-,/product/113205,헤어스타일링
VT (브이티코스메틱),VT 마이크로 홀딩 포마드,"100g8,900원",0.00,(0),-,/product/113204,헤어스타일링
XTM 스타일옴므 (엑스티엠),XTM스타일옴므 슈퍼 프리즈 스프레이,"100ml6,000원",0.00,(0),-,/product/112970,헤어스타일링
XTM 스타일옴므 (엑스티엠),XTM스타일옴므 슈퍼 프리즈 왁스 매트,"100ml10,000원",0.00,(0),-,/product/112972,헤어스타일링
엠솔릭,가이 헤어 스프레이,"120ml17,000원",0.00,(0),-,/product/103057,헤어스타일링
엠솔릭,가이 헤어 쿠션,"3g15,000원",0.00,(0),-,/product/103053,헤어스타일링
슈돌츠(SDOLZ),글레이셜 워터 포마드,"75g22,000원",0.00,(0),-,/product/113198,헤어스타일링
갓투비(GOT 2B),글루드 스파이킹 왁스,"57g7,000원",0.00,(0),-,/product/89241,헤어스타일링
산테,내추럴 폼 헤어왁스,"50ml13,000원",0.00,(0),-,/product/113212,헤어스타일링
에뛰드하우스,[단종] 내츄럴 투컷 왁스,"65g7,500원",5.00,(1),-,/product/7891,헤어스타일링
슈돌츠(SDOLZ),네추럴 매트 왁스,"75g22,000원",0.00,(0),-,/product/113199,헤어스타일링
엘라스틴,눌러쓰는 왁스 내츄럴 워터왁스,"90ml7,500원",0.00,(0),-,/product/1368,헤어스타일링
제너럴세븐(GENERAL7),다운 펌 브러쉬,"20ml8,000원",0.00,(0),-,/product/114372,헤어스타일링
스칼프 디 (SCALP D),디스타일 스프레이 디자인 프리즈,"180g24,300원",0.00,(0),-,/product/112969,헤어스타일링
스칼프 디 (SCALP D),디스타일 왁스 스트롱 홀드,"60g29,000원",0.00,(0),-,/product/74689,헤어스타일링
스칼프 디 (SCALP D),디스타일 왁스 스트롱홀드,"60g26,100원",0.00,(0),-,/product/112962,헤어스타일링
스칼프 디 (SCALP D),디스타일 왁스 프리 스윙,"60g29,000원",0.00,(0),-,/product/82996,헤어스타일링
갓투비(GOT 2B),디파이언트 포마드,"57g*2ea17,900원",0.00,(0),-,/product/99064,헤어스타일링
피토메스,럭셔리 다운펌,"120ml22,000원",0.00,(0),-,/product/116554,헤어스타일링
랩시리즈,루트 파워 리스토러티브 스타일 왁스,"50ml33,000원",0.00,(0),-,/product/10201,헤어스타일링
더페이스샵,[단종] 마블 퀵 프리즈 왁스,"100g12,000원",0.00,(0),-,/product/94696,헤어스타일링
더페이스샵,[단종] 마블 픽스온 워터 스프레이,"200ml9,000원",3.00,(1),-,/product/94695,헤어스타일링
더페이스샵,[단종] 마블 홀딩 매트 왁스,"90g11,000원",0.00,(0),-,/product/94749,헤어스타일링
에뛰드하우스,[단종] 매트 모히칸 왁스,"65g7,500원",5.00,(1),-,/product/7893,헤어스타일링
슈돌츠(SDOLZ),매트 프리즈 왁스,"80g12,000원",0.00,(0),-,/product/113201,헤어스타일링
조니스찹샵(JONNNY'S CHOP SHOP),매트 헤어 페이스트 왁스,75g0원,0.00,(0),-,/product/113063,헤어스타일링
