category,brand_name,product_name,price,pre_price,sales_rank
스킨케어,보타닉힐보 아이디얼포맨,퍼펙트 올인원 기획세트,"21,900","28,000",1
스킨케어,우르오스,우르오스 올인원 스킨밀크&스킨로션 200ml 택 1,"25,200","29,700",2
스킨케어,불독,불독 오리지널 수분크림 100ml+30ml 기획팩,"16,000","20,000",3
스킨케어,우르오스,우르오스 스킨밀크 200ml,"25,200","29,700",4
스킨케어,XTM,XTM 올인원 엑스퍼트 200mL 대용량기획(멀티 토너 50mL 증정),"23,200","29,000",5
스킨케어,보타닉힐보 아이디얼포맨,보타닉힐보아이디얼포맨 시카올인원세트 150ml,"23,200","30,000",6
스킨케어,XTM,XTM 올인원 클렌징 폼 150 mL,"6,900","11,000",7
스킨케어,불독,불독 오일컨트롤 수분크림 100ml,"16,000","20,000",8
스킨케어,티르티르,티르티르 센서티브 워터 풀 크림 50ml,"28,000","35,000",9
스킨케어,XTM,XTM 올인원 프레쉬맨 200mL 대용량기획(멀티 토너 50mL 증정),"20,900","27,500",10
스킨케어,랩시리즈,랩시리즈 New 에이지 레스큐 훼이스 로션 50ml 기획세트 (+워터로션 50ml),"69,000",0,11
스킨케어,보타닉힐보 아이디얼포맨,보타닉힐보아이디얼포맨 프레시스킨케어세트,"33,000","38,000",12
스킨케어,블랙몬스터,블랙몬스터 옴므 올인원 데이 앤 나이트,"27,500","28,900",13
스킨케어,클럽맨피노드,클럽맨피노드 오리지날 에프터쉐이브로션 177ml,"20,000",0,14
스킨케어,보닌,보닌 퓨어 에센셜 에멀전150ml,"14,000","20,000",15
스킨케어,랩시리즈,랩시리즈 레스큐 워터 로션 기획세트 (200ml+레스큐 워터로션100ml),"51,000",0,16
스킨케어,라끄베르,라끄베르 옴므리차지 2종 기획,"30,000",0,17
스킨케어,차앤박옴므,차앤박 옴므 랩 올인원 플루이드 기획(1904),"29,000",0,18
스킨케어,포맨트,[온라인단독]포맨트 블랙헤드 바이 폼클렌저,"12,000","15,000",19
스킨케어,보타닉힐보 아이디얼포맨,퍼펙트스페셜2종세트,"29,600","37,000",20
스킨케어,불독,불독 오리지널 수분크림 100ml,"16,000","20,000",21
스킨케어,라끄베르,라끄베르 옴므리차지 올인원에센스 기획,"28,000",0,22
스킨케어,포맨트,[온라인단독]포맨트 블랙헤드 바이 클리어패드,"18,400","23,000",23
스킨케어,브로앤팁스,브로앤팁스 네버드라이 올인원 단품기획 120ML (몬스터워시 폼클렌징 40ml 증정),"32,000",0,24
스킨케어,디티알티,[DTRT] 10sec(텐섹) 올인원 140ml 기획세트 2019,"33,000",0,25
스킨케어,랩시리즈,랩시리즈 솔리드 워터 에센스 150ML (5P2E),"69,000",0,26
스킨케어,보닌,보닌 더스타일 스탠다드 에멀전135ml,"25,000",0,27
스킨케어,랩시리즈,랩시리즈 멀티액션 훼이스 워시 100ml,"38,000",0,28
스킨케어,XTM,XTM 데일리 톤업 선블록 SPF50+/PA++++,"7,900","15,000",29
스킨케어,우르오스,우르오스 페이스시트 14매,"3,900",0,30
스킨케어,XTM,XTM 노세범 선스틱 SPF50+/PA++++,"9,900","18,000",31
스킨케어,헤지스 맨 룰429,헤지스맨 룰429 리프레싱 토너 200ml,"25,600","32,000",32
스킨케어,케어존 옴므,케어존 옴므 닥터솔루션 센서티브 토너 170ml,"18,400","23,000",33
스킨케어,디티알티,[온라인단독]DTRT 히어로즈 커밍 순 키트,"4,900",0,34
스킨케어,케어존 옴므,케어존 닥터솔루션 옴므 트러블 올인원 젤크림 기획,"19,600","28,000",35
스킨케어,미프,미남프로젝트 미남크림 톤업화이트닝 50ml,"21,000",0,36
스킨케어,다슈,다슈 맨즈 아쿠아 딥 씨워터 폼 클렌징 150ml,"12,000",0,37
스킨케어,니베아,[온라인단독]니베아 맨 딥 애프터 쉐이브 로션(워터타입) 100ml,"13,000",0,38
스킨케어,보타닉힐보 아이디얼포맨,퍼펙트파워크림세트,"11,000","22,000",39
스킨케어,크리니크,크리니크 포 맨 모이스춰라이징 로션 100ml,"49,000",0,40
스킨케어,불독,불독 센시티브 수분크림 100ml,"16,000","20,000",41
스킨케어,헤지스 맨 룰429,헤지스맨 룰429 올인원 젤 하이드레이터 150ml,"30,400","38,000",42
스킨케어,헤지스 맨 룰429,헤지스 맨 룰429 슬리핑퍼팩크림 선물기획(올인원50ml 증정),"25,600","32,000",43
스킨케어,헤지스 맨 룰429,헤지스맨 룰429 올인원 젤 하이드레이터 선물기획(퍼팩크림 40ml증정),"30,400","38,000",44
스킨케어,보닌,보닌 퓨어 올인원 하이드레이트 기획세트,"23,200","29,000",45
스킨케어,아이소이 맨,아이소이 퍼펙트 맨 올인원 에센스 70ml_,"45,000",0,46
스킨케어,불독,불독 오일컨트롤 페이스스크럽 125ml,"11,000",0,47
스킨케어,불독,불독 오리지널 토너(스킨) 150ml,"14,400","18,000",48
스킨케어,우르오스,우르오스 스킨로션 200ml,"25,200","29,700",49
스킨케어,엠도씨,엠도씨 화이트닝 톤업 세트,"48,000",0,50
스킨케어,엠도씨,엠도씨 화이트닝 톤업 크림,"25,000",0,51
스킨케어,차앤박옴므,차앤박 옴므 에이 케어 포밍 클렌저 150ml,"15,200","19,000",52
스킨케어,헤지스 맨 룰429,헤지스맨 룰429 파워 모이스처 케어 세트(토너&로션),"56,000",0,53
스킨케어,XTM,XTM 올인원 톤업 120 mL,"19,900","26,000",54
스킨케어,엠도씨,엠도씨 세붐 스트라이크 세럼,"17,000","20,000",55
스킨케어,니베아,[온라인단독] 니베아 맨 딥 세럼 50ml,"19,000",0,56
스킨케어,불독,불독 오리지널 기초 세트,"27,900","33,000",57
스킨케어,XTM,XTM 올인원 수분크림 120 mL,"27,500",0,58
스킨케어,엠도씨,엠도씨 릴리프 세트,"35,700","42,000",59
스킨케어,엠도씨,엠도씨 화이트닝 스킨 플러스 로션,"23,000",0,60
스킨케어,랩시리즈,[온라인단독] 랩시리즈 인스턴트 필터 모이스춰라이저 50ml,"46,000",0,61
스킨케어,헤지스 맨 룰429,[온라인단독] 헤지스맨 룰429 베이직 매뉴얼 세트,"51,000","60,000",62
스킨케어,블랙몬스터,블랙몬스터 블랙 스크러버,"14,900",0,63
스킨케어,우르오스,우르오스 중건성 페이셜케어 기획세트,"29,700",0,64
스킨케어,헤지스 맨 룰429,헤지스맨 룰429 화이트닝 선 올인원 기획SPF50+ (퍼팩크림40ml증정),"32,300","38,000",65
스킨케어,비욘드 옴므,비욘드 옴므 올인원 포뮬러 기획세트(페이셜폼 증정),"31,500",0,66
스킨케어,이아소,이아소 포맨 화이트 이엑스 애프터쉐이브 130ml,"27,200","34,000",67
스킨케어,불독,불독 오리지널 에멀젼(로션) 150ml,"16,000","20,000",68
스킨케어,디티알티,DTRT 카밍순 올인원 크림 세트,"16,900","23,000",69
스킨케어,눅스,[온라인단독] 눅스 맨 올인원 모이스춰라이징 젤 50ml,"35,100","39,000",70
스킨케어,헤지스 맨 룰429,[온라인단독] 헤지스맨 룰429 마일드 필링 폼 150ml,"17,600","22,000",71
스킨케어,우르오스,[온라인단독] 우르오스 클렌징 2종세트(스칼프샴푸500ml+스킨워시500ml),"37,990","47,900",72
스킨케어,비알티씨옴므,BRTC옴므 트레이너 세트 150ml+100ml+80ml,"35,000",0,73
스킨케어,브로앤팁스,브로앤팁스 몬스터워시 폼 클렌징 120ML,"14,000",0,74
스킨케어,브로앤팁스,브로앤팁스 네버오일리 올인원 단품기획 120ML(몬스터워시 폼클렌징 40ml 증정),"32,000",0,75
스킨케어,랩시리즈,[온라인단독]랩시리즈 오일 컨트롤 데일리 모이스춰라이저 50ml,"52,000",0,76
스킨케어,랩시리즈,[온라인단독]랩시리즈 오일 컨트롤 클레이 클렌저 + 마스크 100ml,"39,000",0,77
스킨케어,랩시리즈,랩시리즈 데이 레스큐 디펜스 로션 SPF35 50ML,"49,000",0,78
스킨케어,XTM,XTM 올인원 엑스퍼트 기프트세트(클렌징폼 기획),"36,000",0,79
스킨케어,헤지스 맨 룰429,헤지스맨 룰429 파워 튜닝 세럼 70ml,"38,250","45,000",80
스킨케어,디티알티,[DTRT] 톤업크림 슈팅라이트 50ml,"18,400","23,000",81
스킨케어,헤지스 맨 룰429,헤지스맨 룰429 슬리핑 퍼팩크림 125ml,"25,600","32,000",82
스킨케어,헤지스 맨 룰429,헤지스맨 룰429 올인원 모이스처라이징 로션 150ml,"32,300","38,000",83
스킨케어,그라펜,그라펜 노니 비타 스킨 미스트,"18,900","23,000",84
스킨케어,셀라피,셀라피 레드시카 올인원 앰플 S.O.S 키트,"19,000",0,85
스킨케어,블랙몬스터,블랙몬스터 옴므 나이트 모이스처 크림,"19,800",0,86
스킨케어,다슈,다슈 데일리 비타플렉스 선스틱 15g,"9,000","15,000",87
스킨케어,케어존 옴므,케어존 닥터솔루션 옴므 올인원 플루이드 기획,"22,000",0,88
스킨케어,클럽맨피노드,클럽맨피노드 머스크 에프터쉐이브코롱 177ml,"20,000",0,89
스킨케어,클럽맨피노드,클럽맨피노드 클래식바닐라 에프터쉐이브로션 50ml,"9,000",0,90
스킨케어,클럽맨피노드,클럽맨피노드 클래식바닐라 에프터쉐이브로션 177ml,"20,000",0,91
스킨케어,디티알티,[온라인단독] [DTRT] 포밍 스크럽 퍼스트 띵 퍼스트 기획세트,"13,900","23,000",92
스킨케어,디티알티,[온라인단독] [DTRT] 선블럭 블럭 아웃 기획세트_2019,"19,900","26,000",93
스킨케어,디티알티,[온라인단독] DTRT 스킨케어 (토너+로션) 세트,"49,000",0,94
스킨케어,보타닉힐보 아이디얼포맨,보타닉힐보아이디얼포맨 시카클렌징폼 130mL,"12,000",0,95
스킨케어,XTM,XTM 아웃도어 워터프루프 선블록 SPF50+/PA++++,"8,900","16,000",96
스킨케어,눅스,[온라인단독] 눅스 맨 포-맨 아이크림 15ml,"29,700","33,000",97
스킨케어,우르오스,우르오스 플러스 선블럭 SPF50 (25ml)(R),"15,800","19,800",98
스킨케어,지베르니,[온라인단독] 지베르니 맨 그린 프레쉬 로션,"11,200","14,000",99
스킨케어,지베르니,[온라인단독] 지베르니 맨 그린 프레쉬 스킨케어 세트,"26,000",0,100
스킨케어,눅스,[온라인단독] 눅스 맨 애프터쉐이브 수딩 밤 50ml,"29,700","33,000",101
스킨케어,클럽맨피노드,클럽맨피노드 머스크 에프터쉐이브코롱 50ml,"9,000",0,102
스킨케어,비욘드 옴므,비욘드 옴므 올인원리커버리 기획세트,"35,500",0,103
스킨케어,XTM,XTM 애프터쉐이브 멀티토너 200 mL,"14,900","18,000",104
스킨케어,클럽맨피노드,클럽맨리저브 위스키우즈 에프터쉐이브 177ml,"20,000",0,105
스킨케어,디티알티,[DTRT] 로션 디어 매트 140ml 기획세트 2019,"29,600","37,000",106
스킨케어,다슈,다슈 맨즈 아쿠아 리얼 모이스트 올인원크림 153ml,"12,600","18,000",107
스킨케어,헤지스 맨 룰429,헤지스맨 룰429 UV 디펜스 선스틱 기획 18.5g (필링폼20ml 증정),"24,650","29,000",108
스킨케어,보타닉힐보 아이디얼포맨,올 디펜스 라이트 선스틱 세트,"16,900","19,000",109
스킨케어,보타닉힐보 아이디얼포맨,올 디펜스 워터 선젤 세트,"16,900","19,000",110
스킨케어,에이페,에이페 아이브로우 리치크림,"35,000",0,111
스킨케어,그라펜,그라펜 에너지 부스터 포인원 크림 150ml,"16,800","19,800",112
스킨케어,클럽맨피노드,클럽맨리저브 젠트진 에프터쉐이브 50ml,"9,000",0,113
스킨케어,클럽맨피노드,클럽맨리저브 위스키우즈 에프터쉐이브 50ml,"9,000",0,114
스킨케어,클럽맨피노드,클럽맨리저브 브랜디스파이스 에프터쉐이브 177ml,"20,000",0,115
스킨케어,XTM,XTM 쉐이빙 젤 센서티브 120 mL,"6,500",0,116
스킨케어,클럽맨피노드,클럽맨리저브 브랜디스파이스 에프터쉐이브 50ml,"9,000",0,117
스킨케어,클럽맨피노드,클럽맨리저브 젠트진 에프터쉐이브 177ml,"20,000",0,118
스킨케어,클럽맨피노드,클럽맨피노드 오리지날 에프터쉐이브로션 50ml,"9,000",0,119
스킨케어,포맨트,포맨트 화이트닝옴므 에센스,"25,000",0,120
스킨케어,엠솔릭,엠솔릭 노모어 드라이 마스크(1P),"1,500","3,000",121
스킨케어,포맨트,포맨트 아크네 옴므 에센스,"28,000",0,122
스킨케어,라끄베르,라끄베르 옴므리차지 애프터쉐이브 185mlNEW,"15,000",0,123
스킨케어,라끄베르,라끄베르 옴므리차지 에멀전180mlNEW,"15,000",0,124
스킨케어,이아소,[닥터이아소] 스킨케어 포 맨 멀티 액션 워터,"24,000",0,125
스킨케어,보타닉힐보 아이디얼포맨,퍼펙트 워터 에센스 세트,"26,000",0,126
스킨케어,보타닉힐보 아이디얼포맨,퍼펙트 올 클렌징폼,"11,000",0,127
스킨케어,보타닉힐보 아이디얼포맨,프레시 로션,"20,000",0,128
스킨케어,보타닉힐보 아이디얼포맨,프레시 토너,"18,000",0,129
스킨케어,비알티씨옴므,BRTC 옴므 스킨 트레이너 올인원 300ml_,"24,500","35,000",130
스킨케어,보타닉힐보 아이디얼포맨,올디펜스 선크림,"8,900","17,000",131
스킨케어,보닌,보닌 퓨어 2종 세트,"39,000",0,132
스킨케어,보닌,보닌 더스타일 스탠다드 2종 세트,"50,000",0,133
스킨케어,아리얼,아리얼 포맨 타겟 클리어 클렌징티슈 15매,"3,500",0,134
스킨케어,케어존 옴므,케어존 옴므 닥터솔루션 센서티브 2종,"48,000",0,135
스킨케어,케어존 옴므,케어존 옴므 닥터솔루션 센서티브 에멀전 170m,"20,000","25,000",136
스킨케어,우르오스,우르오스 올인원 스킨컨디셔너 60g,"25,000",0,137
스킨케어,디티알티,[온라인단독] DTRT 마스크 히어로라이크스블랙(25g) 5매,"17,500",0,138
스킨케어,미프,미남프로젝트 미프스킨 180ml,"16,000",0,139
스킨케어,미프,미남프로젝트 미프로션 180ml,"19,000",0,140
스킨케어,니베아,니베아 맨 센서티브 애프터쉐이브 스킨 100m,"13,000",0,141
스킨케어,불독,불독 오리지널 페이스워시 150ml,"9,500","12,000",142
스킨케어,엠도씨,엠도씨 안티 링클 스킨 플러스 로션,"25,000",0,143
스킨케어,비욘드 옴므,비욘드 더트리 포맨 모이스처 토너 150ml,"14,400","18,000",144
스킨케어,비욘드 옴므,비욘드 더트리 포맨 모이스처 2종세트,"39,000",0,145
스킨케어,보닌,보닌 더스타일 블루 스타일가드 선블록크림,"18,900","27,000",146
스킨케어,보닌,보닌 더스타일 블루 스타일가드 선블록스틱,"20,300","29,000",147
스킨케어,디티알티,DTRT 토너 쏘 파인(140ml)_Toner So Fine,"17,500","25,000",148
스킨케어,우르오스,우르오스 중건성 2종세트,"39,900",0,149
스킨케어,우르오스,우르오스 지복합성 2종 세트,"39,900",0,150
스킨케어,이아소,[닥터이아소] 스킨케어 포 맨 하이드레이팅 컨센트레이트,"32,000",0,151
스킨케어,이아소,[닥터이아소] 스킨케어 포 맨 인스턴트 수딩 포뮬러,"25,000",0,152
스킨케어,이아소,[이아소] 포 맨 화이트 EX 수프림 2종세트 (미백 기능성 화장품),"54,400","68,000",153
스킨케어,이아소,[이아소] 2-IN-1 플루이드 수프림,"30,400","38,000",154
스킨케어,차앤박옴므,차앤박 옴므 에이 케어 토너 120ml,"21,600","27,000",155
스킨케어,차앤박옴므,차앤박 옴므 에이 케어 로션 100ml,"23,200","29,000",156
스킨케어,닥터자르트포맨,닥터자르트 포맨 액티브 스크럽 폼120ml,"19,000",0,157
스킨케어,엠도씨,엠도씨 워터드롭 스킨 에센스,"16,000","20,000",158
스킨케어,엠도씨,엠도씨 릴리프 폼 클렌징,"12,000",0,159
스킨케어,비욘드 옴므,비욘드 더트리 포맨 모이스처에멀젼 140ml,"16,800","21,000",160
스킨케어,엠도씨,엠도씨 릴리프 에센스 에멀젼,"18,700","22,000",161
스킨케어,엠도씨,엠도씨 릴리프 토닉 위드 애프터셰이브,"17,000","20,000",162
스킨케어,엠도씨,엠도씨 세붐 스트라이크 세트,"34,200","38,000",163
스킨케어,차앤박옴므,차앤박 옴므 에이 케어 솔루션 기획세트,"44,800","56,000",164
스킨케어,엠도씨,엠도씨 세붐 스트라이크 토너,"16,200","18,000",165
스킨케어,불독,불독 센시티브 페이스워시 150ml,"9,500","12,000",166
스킨케어,엠도씨,[온라인단독]엠도씨 릴리프 수딩 겔,"18,000",0,167
스킨케어,크리니크,크리니크 포 맨 오일 컨트롤 매티파잉 모이스춰라이저 100ml,"47,000",0,168
스킨케어,미프,[올리브영 단독] 미프 맨즈 업그레이드 솔루션 기획세트,"49,000",0,169
스킨케어,보닌,보닌 퓨어 미라클 힐링 크림 100ml,"25,600","32,000",170
스킨케어,보닌,보닌 세범파이터 배트맨 기획,"29,000",0,171
스킨케어,보닌,보닌 아쿠아파이터 슈퍼맨,"20,300","29,000",172
스킨케어,다슈,다슈 데일리 라이트 핏 선젤 50ml,"15,000",0,173
스킨케어,리얼쉐이빙,리얼쉐이빙 센시티브 모이스처라이저 100ml,"29,000",0,174
스킨케어,리얼쉐이빙,리얼쉐이빙 모이스처라이징 수딩밤 100ml,"29,000",0,175
스킨케어,엠솔릭,엠솔릭 노모어 세범 마스크(1P),"1,500","3,000",176
스킨케어,브로앤팁스,브로앤팁스 수퍼내츄럴 톤업 선크림 70ML,"24,000",0,177
스킨케어,에이바자르,[온라인단독]에이바자르 퍼펙트 브이리프팅 프리미엄 블랙 마스크 1P,"6,900","9,800",178
스킨케어,그라펜,그라펜 에너지 포인원 크림,"16,800","19,800",179
스킨케어,보닌,[맨즈데이] 보닌 배트맨 5종 트래블키트,"12,800",0,180
스킨케어,보타닉힐보 아이디얼포맨,프레시올인원세트 150mL,"24,000","26,000",181
스킨케어,보타닉힐보 아이디얼포맨,프레시 옥시젠 마스크 100mL,"8,000","16,000",182
스킨케어,차앤박옴므,차앤박 옴므 랩 워터 에센스 120ml,"23,200","29,000",183
스킨케어,우르오스,우르오스 페이스워시 100g,"13,200",0,184
스킨케어,불독,불독 오리지널 페이스 스크럽 125ml,"13,000",0,185
스킨케어,보타닉힐보 아이디얼포맨,프레시 오일프리 젤크림,"20,000",0,186
스킨케어,그라펜,그라펜 페이스 톤업+선젤,"22,000",0,187
스킨케어,보닌,보닌 투 빅 파이터 선스틱 30g,"21,000","30,000",188
스킨케어,엠도씨,엠도씨 선샤인 유브이 솔루션 크림,"16,000","20,000",189
스킨케어,엠도씨,엠도씨 릴리프 맨테라피 마스크,"8,400","12,000",190
스킨케어,엠도씨,엠도씨 세붐 스트라이크 맨테라피 마스크,"8,400","12,000",191
스킨케어,랩시리즈,랩시리즈 퓨처 레스큐 리페어 세럼 50ml,"81,000",0,192
스킨케어,크리니크,크리니크 포 맨 맥시멈 하이드레이터 액티베이티드 워터-젤 컨센트레이트 48ml,"60,000",0,193
스킨케어,크리니크,크리니크 포 맨 2-in-1 스킨 하이드레이터 + 비어드 컨디셔너 100ml,"50,000",0,194
스킨케어,랩시리즈,랩시리즈 프로 LS 올-인-원 훼이스 클렌징 젤 150ml,"29,000",0,195
스킨케어,크리니크,크리니크 포 맨 알로에 쉐이브 젤 125ml,"34,000",0,196
스킨케어,크리니크,크리니크 포 맨 안티-에이지 모이스춰라이저 100ml,"56,000",0,197
스킨케어,크리니크,크리니크 포 맨 오일 컨트롤 엑스폴리에이팅 토닉 200ml,"35,000",0,198
스킨케어,크리니크,크리니크 포 맨 워터리 모이스춰 로션 200ml,"45,000",0,199
스킨케어,크리니크,크리니크 포 맨 엑스폴리에이팅 토닉 200ml,"36,000",0,200
스킨케어,포맨트,포맨트 포어 옴므 에센스,"28,000",0,201
스킨케어,랩시리즈,랩시리즈 파워 프로텍터 SPF 50 PA+++ 100ml,"72,000",0,202
스킨케어,랩시리즈,랩시리즈 어반 블루 퓨리파잉 클레이 마스크 100ml,"39,000",0,203
스킨케어,블루비어드,블루비어드 쿨링 모이스처라이저,"29,000",0,204
스킨케어,블루비어드,블루비어드 포스트 쉐이브 밤,"28,000",0,205
스킨케어,케어존 옴므,케어존 닥터솔루션 옴므 아크네 폼 클렌저,"14,000",0,206
스킨케어,랩시리즈,랩시리즈 프로 LS 올-인-원 훼이스 하이드레이팅 젤 75ml,"39,000",0,207
스킨케어,케어존 옴므,케어존 닥터솔루션 옴므 트러블 선 블록,"12,600","18,000",208
스킨케어,랩시리즈,랩시리즈 프로 LS 올-인-원 훼이스 트리트먼트 50ml,"39,000",0,209
스킨케어,랩시리즈,랩시리즈 3-IN-원 포스트 쉐이브 50ml,"50,000",0,210
스킨케어,랩시리즈,랩시리즈 레이저 번 릴리프 울트라 100ml,"51,000",0,211
스킨케어,XTM,XTM스타일옴므 스타일링 박스(4주년기획),"14,000","28,000",212
스킨케어,이아소,[닥터이아소] 스킨케어 포 맨 멀티 액션 폼 클렌저,"20,000",0,213
바디케어,우르오스,우르오스 스킨워시 500ml 증정기획세트,"14,600","18,200",1
바디케어,블랙몬스터,블랙몬스터 블랙밤 (N),"8,500","9,800",2
바디케어,우르오스,우르오스 스킨워시 500ml,"18,200",0,3
바디케어,그라펜,그라펜 트리플 핸섬립밤,"13,000",0,4
바디케어,눅스,[온라인단독] 눅스 맨 올인원 포밍 젤 클렌저 200ml,"17,000","20,000",5
바디케어,XTM,XTM 컬러 인 립밤,"5,900","7,500",6
바디케어,다슈,다슈 데일리 비타플렉스 올인원 바디워시 500ml,"12,600","18,000",7
바디케어,그라펜,그라펜 트리플 컬러립밤,"13,000",0,8
바디케어,니베아,니베아 맨 데오드란트 롤온-딥 50ml,"5,700","8,200",9
바디케어,니베아,니베아 맨 데오드란트 스틱-쿨킥 40ml,"6,600","8,200",10
바디케어,펀샵,[온라인단독]밀리언퍼센트 더블디 풀컬렉션 바디워시 650ml,"14,400","18,000",11
바디케어,불독,불독 오리지널 바디로션 250ml,"9,500","14,000",12
바디케어,XTM,XTM 컬러 인 립 에센스,"7,500",0,13
바디케어,눅스,[온라인단독] 눅스 맨 데오도란트 롤온 50ml,"15,300","18,000",14
바디케어,우르오스,[온라인단독] 우르오스 클렌징 2종세트(스칼프샴푸500ml+스킨워시500ml),"37,990","47,900",15
바디케어,디티알티,[DTRT] 립밤 치트키 (꿀생기 컬러),"9,600","12,000",16
바디케어,XTM,퍼퓸 핸드크림,"3,000","6,000",17
바디케어,보타닉힐보 아이디얼포맨,올디펜스멀티립밤,"4,500","8,000",18
바디케어,XTM,XTM 에센스 인 립밤,"7,500",0,19
바디케어,니베아,[온라인단독] 니베아 맨 데오드란트 스틱 센서티브 프로텍트 40ml,"8,200",0,20
바디케어,니베아,니베아 맨 데오드란트 스프레이-딥 150ml,"11,500",0,21
바디케어,세븐피엠,세븐피엠 멀티 립밤 2.4g / 2.4g(NEW),"8,900",0,22
바디케어,니베아,[온라인단독]니베아 맨 데오드란트 스프레이 센서티브 프로텍트 200ml*2 + 센스티브쉐이빙폼 35ml,"26,400",0,23
바디케어,다슈,다슈 맨즈 더블 어필 립밤,"12,000",0,24
바디케어,엠도씨,엠도씨 릴리프 바디 퍼퓸 미스트-머스크,"13,000",0,25
바디케어,니베아,[온라인단독]니베아 맨 데오드란트 스프레이 센서티브 프로텍트 200ml,"13,200",0,26
바디케어,니베아,[온라인단독]니베아 맨 데오드란트 롤온 센서티브 프로텍트 50ml,"8,200",0,27
바디케어,미프,미프 올인원 파워 립엔진,"11,000",0,28
바디케어,니베아,니베아 맨 데오드란트 스프레이-드라이 임팩트 200ml,"9,200","13,200",29
바디케어,불독,불독 오리지널 샤워젤 200ml,"7,200","12,000",30
바디케어,우르오스,우르오스 스킨워시 300ml,"10,600","13,200",31
바디케어,엠도씨,엠도씨 릴리프 바디 겔 로션,"17,000",0,32
바디케어,엠도씨,엠도씨 릴리프 바디 앤 헤어 샤워젤,"15,000",0,33
바디케어,크리니크,크리니크 포 맨 알로에 쉐이브 젤 125ml,"34,000",0,34
바디케어,엠도씨,엠도씨 세붐 스트라이크 HD 파우더 티슈,"3,200","4,000",35
바디케어,스웨거,[swagger]스웨거 남성 향수 샤워젤 스나이퍼 오리지날,"10,500","15,000",36
바디케어,니베아,니베아 맨 데오드란트 롤온-쿨킥 50ml,"6,600","8,200",37
바디케어,니베아,니베아 맨 데오드란트 스틱-드라이 임팩트 40ml,"6,600","8,200",38
바디케어,스웨거,[swagger]스웨거 남성 향수 샤워젤 샷콜러,"15,000",0,39
바디케어,블랙몬스터,블랙몬스터 옴므 블랙 립틴트,"16,900",0,40
바디케어,랩시리즈,랩시리즈 쿨링 쉐이브 크림 100ml,"32,000",0,41
바디케어,갸스비,[온라인단독]갸스비 샤워 프레쉬 샤이니블루 60ml,"13,000",0,42
바디케어,빌리,빌리 데오 스프레이 맨 200ml,"9,900",0,43
바디케어,니베아,니베아 맨 데오드란트 롤온-드라이 임팩트 50ml,"6,600","8,200",44
바디케어,낫포유,낫포유 키스밤 포맨,"7,900","8,900",45
바디케어,갸스비,[온라인단독]갸스비 샤워 프레쉬 오션시트러스 60ml,"13,000",0,46
바디케어,챕스틱,[온라인단독]챕스틱 엠 맨케어 SPF 15 4.2g,"4,200",0,47
바디케어,갸스비,[온라인단독]갸스비 파우더 데오도란트 스프레이 클리어오션 221ml,"10,000",0,48
바디케어,갸스비,[온라인단독]갸스비 파우더 데오도란트 스프레이 쿨시트러스 221ml,"10,000",0,49
바디케어,갸스비,[온라인단독]갸스비 샤워 프레쉬 스위티아쿠아 60ml,"13,000",0,50
바디케어,갸스비,[온라인단독]갸스비 스팟 데오도란트 롤온 아쿠아틱 시트러스 60ml,"12,500",0,51
바디케어,니베아,니베아 맨 데오드란트 스프레이-쿨킥 200ml,"9,200","13,200",52
헤어케어,미쟝센,미쟝센 파워스윙 킵스프레이9 200ML,"3,500","7,000",1
헤어케어,필립스,[온라인전용]필립스 휴대용 헤어드라이어 (BHC010) 블랙 1200W,"10,900","19,900",2
헤어케어,다슈,다슈 포맨 프리미엄 메가 홀드 슈퍼 스프레이 250ml,"15,000",0,3
헤어케어,갸스비,갸스비 셋앤킵 수퍼하드 스프레이 263ml,"6,400","8,000",4
헤어케어,그라펜,그라펜 엣지 핑거,"12,500","13,900",5
헤어케어,그라펜,그라펜 루트 부스터 샴푸 s.e 500ml,"19,900","24,900",6
헤어케어,다슈,다슈 데일리 볼륨업 컬크림 150ml,"9,400","15,000",7
헤어케어,다슈,다슈 포맨 프리미엄 울트라 홀딩 파워 왁스 100g,"15,000",0,8
헤어케어,다슈,다슈 안티 헤어로스 허브 헤어토닉 150ml,"9,900","18,000",9
헤어케어,다슈,다슈 데일리 한방두피 골드 샴푸 500ml,"12,600","18,000",10
헤어케어,포뷰트,포뷰트 엠스타일러,"25,600","28,500",11
헤어케어,XTM,XTM 헤어 스프레이 울트라세팅 180 mL,"5,900","9,500",12
헤어케어,XTM,XTM 스피드 다운펌,"18,000",0,13
헤어케어,블랙몬스터,블랙몬스터 다운펌 120ml,"16,900",0,14
헤어케어,알페신,알페신 카페인 샴푸 리퀴드 200ml,"13,600","16,000",15
헤어케어,다슈,다슈 데일리 울트라 홀딩 스칼프 스프레이 200ml,"9,900","18,000",16
헤어케어,그라펜,그라펜 헤어 샤베트 컬링 에센스,"14,900","15,900",17
헤어케어,다슈,다슈 컬러 패스트 체인지 염색약 120g (흑색/새치전용),"12,000",0,18
헤어케어,XTM,XTM 헤어 왁스 (에멀전),"6,900",0,19
헤어케어,스웨거,스웨거 헤어 세터 스프레이 200ml,"13,000",0,20
헤어케어,티지 베드헤드,티지 베드헤드 포맨 매트 세퍼레이션 워커블 왁스 85g,"15,200","19,000",21
헤어케어,알페신,알페신 카페인샴푸 C1 250ml + 75ml,"14,000",0,22
헤어케어,갸스비,갸스비 무빙 락 스프레이 엑스트라하드 253ml,"7,200","9,000",23
헤어케어,포뷰트,포뷰트 스피어 프리즈왁스 50g,"27,900","31,000",24
헤어케어,미쟝센,미쟝센 머그샷 이블락킹 워터스프레이 200ml,"5,000","10,000",25
헤어케어,미쟝센,[온라인단독]미쟝센 파워스윙 포마드왁스7,"6,000",0,26
헤어케어,갸스비,갸스비 수퍼하드 스타일링 폼 185g,"7,500",0,27
헤어케어,우르오스,우르오스 스칼프샴푸 500ml,"29,700",0,28
헤어케어,스웨거,[swagger]스웨거 헤어 스터너 왁스 50G,"15,000",0,29
헤어케어,갸스비,갸스비 무빙러버 와일드쉐이크 왁스 15g,"3,500",0,30
헤어케어,갸스비,갸스비 울트라 하드 왁스 80g,"6,600","9,500",31
헤어케어,갸스비,갸스비 셋앤킵 수퍼하드 스프레이 67ml,"4,000",0,32
헤어케어,블랙몬스터,블랙몬스터 왁스 120ml (R),"13,900",0,33
헤어케어,세븐피엠,세븐피엠 리얼콤 다운펌 100ml,"14,500",0,34
헤어케어,XTM,XTM 헤어 스프레이 울트라세팅 70 mL,"5,500",0,35
헤어케어,블랙몬스터,블랙몬스터 옴므 포마드 앤 왁스,"20,800","21,900",36
헤어케어,세븐피엠,세븐피엠 블랙 포마드 80ml,"10,900",0,37
헤어케어,세븐피엠,세븐피엠 포멀 포마드 80ml,"10,900",0,38
헤어케어,블랙몬스터,블랙몬스터 다운펌 120ml (R),"16,900",0,39
헤어케어,그라펜,그라펜 그루밍 클레이 하드왁스,"10,500","15,900",40
헤어케어,그라펜,그라펜 콜드 부스터 100ml,"13,800",0,41
헤어케어,스웨거,스웨거 헤어 트위스터 단백질 컬크림 100ml,"15,000",0,42
헤어케어,그라펜,그라펜 세이프 왁스,"15,900",0,43
헤어케어,다슈,다슈 포맨 프리미엄 와일드 디자인 머클 왁스 15ml,"4,500",0,44
헤어케어,다슈,다슈 포맨 프리미엄 오리지널 슈퍼 매트 왁스 15ml,"4,500",0,45
헤어케어,그라펜,그라펜 컨트롤 페이스트 왁스,"15,900",0,46
헤어케어,그라펜,그라펜 루트 부스터 샴푸 500ml,"19,900","26,000",47
헤어케어,그라펜,그라펜 콜드 부스터 200ml,"14,900","17,800",48
헤어케어,갸스비,갸스비 스타일 & 케어오일 내츄럴 75ML,"13,000",0,49
헤어케어,포맨트,[온라인단독]포맨트 포맨 올데이 듀얼 왁스,"14,400","18,000",50
헤어케어,미쟝센,[온라인단독]미쟝센 파워스윙 에센스왁스4,"6,000",0,51
헤어케어,알페신,알페신 하이브리드 카페인 샴푸 250ml,"14,000",0,52
헤어케어,갸스비,갸스비 워터스프레이 울트라 홀드 250ml,"7,200","12,000",53
헤어케어,포뷰트,포뷰트 스피어 포마드왁스 50g,"31,000",0,54
헤어케어,미쟝센,[온라인단독]미쟝센 파워스윙 매트왁스9,"6,000",0,55
헤어케어,포뷰트,포뷰트 스피어 프리즈왁스(리필) 50g,"11,700","13,000",56
헤어케어,포뷰트,포뷰트 스피어 포마드왁스(리필) 50g,"13,000",0,57
헤어케어,XTM,XTM 울트라세팅 다운 스틱왁스,"7,900","11,000",58
헤어케어,포뷰트,포뷰트 스피어 무브먼트왁스(리필) 50g,"11,700","13,000",59
헤어케어,포맨트,[온라인단독]포맨트 올데이 다운스틱,"11,200","14,000",60
헤어케어,포뷰트,포뷰트 엠스프레이 150ml,"8,000",0,61
헤어케어,박준뷰티랩,[온라인단독]박준뷰티랩 남성용 탈모샴푸 500ml,"21,170","24,900",62
헤어케어,헤지스 맨 룰429,[온라인단독] 헤지스맨 룰492 비타 왁스 클렌징 샴푸 320ml,"20,000","25,000",63
헤어케어,블랙몬스터,블랙몬스터 왁스 120ml,"13,900",0,64
헤어케어,미쟝센,[온라인단독]미쟝센 파워스윙 크림왁스9,"6,000",0,65
헤어케어,세븐피엠,세븐피엠 매직모히칸,"9,900",0,66
헤어케어,다슈,다슈 컬러 패스트 체인지 염색약 120g (흑갈색/새치전용),"12,000",0,67
헤어케어,미쟝센,[온라인단독]파워스윙 크림왁스7,"6,000",0,68
헤어케어,박준뷰티랩,박준뷰티랩 남자고데기 MX-7000,"29,900",0,69
헤어케어,갸스비,갸스비 스타일링 스프레이 매트&하드 200ml,"8,000",0,70
헤어케어,갸스비,갸스비 무빙러버 스파이키엣지 왁스 80g,"9,500",0,71
헤어케어,듀크레이,[온라인단독]듀크레이 아나파즈 플러스 모근강화 샴푸 400ml,"39,000",0,72
헤어케어,미쟝센 맨,미쟝센 맨 매트파워왁스 110ml,"5,000","10,000",73
헤어케어,스웨거,스웨거 헤어 슬래머 포마드 110G,"25,000",0,74
헤어케어,다슈,다슈 포맨 프리미엄 와일드 디자인 머클 왁스 100g,"15,000",0,75
헤어케어,다슈,다슈 포맨 프리미엄 오리지널 슈퍼 매트 왁스 100g,"15,000",0,76
헤어케어,다슈,다슈 클래식 인크레더블 샤인 포마드 100g,"18,000",0,77
헤어케어,다슈,다슈 클래식 익스트림 레드 포마드 100g,"18,000",0,78
헤어케어,다슈,다슈 클래식 하드와이어 킵 스프레이 250ml,"18,000",0,79
헤어케어,미쟝센,미쟝센 머그샷 투웨이 포마드왁스 100G,"9,100","13,000",80
헤어케어,미쟝센,미쟝센 머그샷 드라이세팅 스프레이 150ML,"7,000","10,000",81
헤어케어,유닉스,유닉스 Takeout guy's 멀티고데기 UCI-B2408,"13,900","18,000",82
헤어케어,갸스비,갸스비 수퍼하드 스타일링 젤 200g,"5,000",0,83
헤어케어,미쟝센,미쟝센 머그샷 파파라치 글루왁스 100,"9,100","13,000",84
헤어케어,미쟝센,미쟝센 머그샷 섹시오펜더 소프트매트왁스,"13,000",0,85
헤어케어,갸스비,갸스비 무빙러버 와일드쉐이크 왁스 80g,"9,500",0,86
헤어케어,갸스비,갸스비 무빙러버 루즈셔플 왁스 80g,"7,600","9,500",87
헤어케어,갸스비,갸스비 무빙러버 에어라이즈 왁스 80g,"7,600","9,500",88
헤어케어,갸스비,갸스비 무빙러버 그란지매트 왁스 80g,"9,500",0,89
헤어케어,다슈,다슈 포맨 프리미엄 패스트 다운펌 10,"18,000",0,90
헤어케어,갸스비,갸스비 무빙러버 스파이키엣지 왁스 15g,"3,500",0,91
헤어케어,갸스비,갸스비 무빙러버 쿨웨트 왁스 15g,"3,500",0,92
헤어케어,갸스비,갸스비 무빙러버 그란지매트 왁스 15g,"3,500",0,93
헤어케어,우르오스,우르오스 스칼프샴푸 300ml,"19,800",0,94
헤어케어,미쟝센,미쟝센 머그샷 프리킹 루나틱 매트왁스,"13,000",0,95
헤어케어,갸스비,갸스비 무빙러버 루즈셔플 왁스 15g,"3,500",0,96
헤어케어,갸스비,갸스비 헤어잼 플로우 뉘앙스 젤 110ml,"9,000",0,97
헤어케어,우노,우노 수퍼 하드 스프레이 170g,"9,500",0,98
헤어케어,다슈,다슈 포맨 애쉬 골드 브라운 컬러왁스 100ml,"18,000",0,99
헤어케어,백스터,백스터 소프트 워터 포마드,"27,000",0,100
헤어케어,백스터,백스터 하드 워터 포마드,"27,000",0,101
헤어케어,펀샵,[온라인단독]난각막 필메그 샴푸 500ml,"19,000",0,102
헤어케어,다슈,[올리브영 단독] 다슈 퍼펙트 에디션 기획세트,"29,000",0,103
헤어케어,티지 베드헤드,티지 베드헤드 포맨 퓨어 텍스쳐 몰딩 페이스트 소프트 왁스 83g,"19,000",0,104
헤어케어,티지 베드헤드,티지 베드헤드 포맨 파워 플레이 펌 피니쉬 젤 200ml,"14,400","18,000",105
헤어케어,다슈,다슈 데일리 원데이 매직 볼륨 스타일링 파우더(펌프형) 40ml,"18,000",0,106
헤어케어,다슈,다슈 포맨 프리미엄 울트라 본드 젤 다운펌 100ml,"18,000",0,107
헤어케어,듀크레이,[온라인단독]듀크레이 아나파즈 플러스 모근강화 샴푸 200ml,"25,000",0,108
헤어케어,미프,미남프로젝트 스탠다드 왁스,"19,000",0,109
헤어케어,바비리스,[온라인단독]바비리스 포 맨 파워 이발기 E751K,"29,800","39,800",110
헤어케어,알페신,알페신 스포츠 카페인샴푸 씨티엑스 250ml,"11,900","14,000",111
헤어케어,그라펜,그라펜 해수 포마드 100g,"13,900","16,900",112
헤어케어,다슈,다슈 포맨 애쉬 실버 그레이 컬러왁스 100ml,"18,000",0,113
헤어케어,다슈,다슈 안티헤어로스 헤어쿠션(내추럴블랙)16g,"18,000",0,114
헤어케어,다슈,다슈 안티헤어로스 헤어쿠션(내추럴브라운)16g,"18,000",0,115
헤어케어,다슈,다슈 안티헤어로스 픽서미스트 120ml,"18,000",0,116
헤어케어,다슈,다슈 포맨 프리미엄 울트라 매트다운 스틱왁스 40g,"15,000",0,117
헤어케어,알페신,알페신 카페인샴푸 C1 250ml,"11,900","14,000",118
헤어케어,스웨거,스웨거 헤어 스터너 왁스 크림 타입,"15,000",0,119
헤어케어,그라펜,그라펜 니트워터 포마드 100g,"16,900",0,120
헤어케어,그라펜,그라펜 오리지널 다운펌 100ml,"16,900",0,121
헤어케어,그라펜,그라펜 해수 스프레이 210ml,"13,900","14,900",122
헤어케어,알페신,알페신 카페인 샴푸 더블 이펙트 200ml,"12,750","15,000",123
헤어케어,펀샵,[온라인단독]난각막 필메그 트리트먼트 500ml,"19,000",0,124
메이크업,블랙몬스터,블랙몬스터 블랙밤 (N),"8,500","9,800",1
메이크업,XTM,XTM 이지 아이브로우 01호 라이트 블랙,"4,900","7,000",2
메이크업,XTM,XTM 멀티 비비(보통피부용),"16,000","20,000",3
메이크업,XTM,XTM 올인원 쿠션(어두운피부용) 기획(리필증정),"19,900","23,000",4
메이크업,그라펜,그라펜 트리플 핸섬립밤,"13,000",0,5
메이크업,블랙몬스터,블랙몬스터 블랙 비비로션 라이트/내추럴,"17,900","18,900",6
메이크업,XTM,XTM 올인원 쿠션(보통피부용) 기획(리필증정),"19,900","23,000",7
메이크업,XTM,XTM 멀티 비비(어두운피부용),"16,000","20,000",8
메이크업,그라펜,그라펜 핸섬 커버스틱,"17,900",0,9
메이크업,그라펜,그라펜 오디너리 파운데이션&프라이머,"38,000",0,10
메이크업,블랙몬스터,블랙몬스터 블랙브로우 (R),"13,900","14,900",11
메이크업,XTM,XTM 멀티 씨씨,"16,000","20,000",12
메이크업,디티알티,DTRT 비비 보이즈 비 볼드 기획세트(1711),"22,000",0,13
메이크업,XTM,멀티비비스틱[보통피부용] SPF50+ / PA++++,"9,000","18,000",14
메이크업,그라펜,그라펜 데일리 웨어 비비크림,"23,000","26,000",15
메이크업,블랙몬스터,블랙몬스터 블랙 이레이징 펜,"14,900",0,16
메이크업,다슈,다슈 맨즈 아쿠아 톤업 비비로션 40ml,"12,600","18,000",17
메이크업,블랙몬스터,블랙몬스터 노바디 노우즈 블랙프라이머 20ml,"16,900",0,18
메이크업,디티알티,DTRT 비비 겟 레디 기획세트(1711),"17,600","22,000",19
메이크업,헤지스 맨 룰429,헤지스맨 룰429 컴플리트 시카 비비 50ml (SPF 50+/PA+++),"25,500","30,000",20
메이크업,닥터자르트포맨,닥터자르트 포맨 비비블록 기획세트,"29,000",0,21
메이크업,차앤박옴므,차앤박 옴므 액티브 선비비 45ml,"30,000",0,22
메이크업,그라펜,그라펜 핸섬 커버쿠션 1호,"34,000","38,000",23
메이크업,블랙몬스터,블랙몬스터 블랙 더블 쿠션,"27,500","28,900",24
메이크업,에너지팩토리,스킨핏 맨즈밤 위드 토트넘(어두운피부용),"23,000",0,25
메이크업,엠도씨,엠도씨 세붐 스트라이크 HD 파우더,"17,000",0,26
메이크업,엠도씨,엠도씨 스킨 포어 프라이머,"13,000",0,27
메이크업,그라펜,그라펜 핸섬 커버스틱 3호 (네추럴탄),"17,900",0,28
메이크업,세븐피엠,"세븐피엠 이지아미 위장크림세트(본품 21g, 증정 15ml) (R)","9,900",0,29
메이크업,미프,미프 올인원 파워 립엔진,"11,000",0,30
메이크업,그라펜,그라펜 핸섬 커버쿠션 3호,"34,000","38,000",31
메이크업,XTM,XTM 울트라 핏 컨실러(보통피부용),"8,900","11,000",32
메이크업,보타닉힐보 아이디얼포맨,보타닉힐보아이디얼포맨 올디펜스비비크림 세트 45ml,"19,000",0,33
메이크업,XTM,XTM 울트라 핏 컨실러(어두운피부용),"11,000",0,34
메이크업,XTM,XTM 이지 아이브로우 02호 그레이 브라운,"7,000",0,35
메이크업,XTM,XTM 멀티 비비스틱(보통피부용),"18,000",0,36
메이크업,XTM,XTM 멀티 비비스틱(어두운피부용),"18,000",0,37
메이크업,디티알티,[DTRT] 틴티드 모이스처라이저 넌센스 50ml,"29,000",0,38
메이크업,디티알티,[DTRT] 립밤 치트키 (꿀생기 컬러),"9,600","12,000",39
메이크업,보닌,보닌 더스타일 블루 스타일 피니셔 BB,"23,200","29,000",40
메이크업,XTM,멀티 비비스틱[어두운피부용] GIFTSET(이지 아이브로우 정품 증정),"9,000","18,000",41
메이크업,다슈,다슈 맨즈 퍼펙트 커버 컨실러,"12,000",0,42
메이크업,다슈,다슈 안티헤어로스 헤어쿠션(내추럴브라운)16g,"18,000",0,43
메이크업,다슈,다슈 안티헤어로스 헤어쿠션(내추럴블랙)16g,"18,000",0,44
메이크업,미프,미남프로젝트 눈썹엔딩,"9,600",0,45
메이크업,에너지팩토리,스킨핏 맨즈밤 위드 토트넘(밝은피부용),"16,100","23,000",46
메이크업,보타닉힐보 아이디얼포맨,올디펜스 선크림,"8,900","17,000",47
메이크업,디티알티,DTRT 아이브로우펜슬 숯 유어 셀프 (그레이/다크브라운),"9,900",0,48
메이크업,엠도씨,엠도씨 맨즈 비비 크림,"23,000",0,49
메이크업,보닌,보닌 더스타일 블루 스타일가드 선블록스틱,"20,300","29,000",50
메이크업,디티알티,DTRT 멀티브로우 파우더 숯유,"10,900","19,000",51
메이크업,랩시리즈,랩시리즈 파워 프로텍터 SPF 50 PA+++ 100ml,"72,000",0,52
메이크업,XTM,XTM스타일옴므 스타일링 박스(4주년기획),"14,000","28,000",53
메이크업,미프,미남프로젝트 미남크림 썬비비 50ml(NEW),"26,000",0,54
메이크업,다슈,다슈 맨즈 더블 어필 립밤,"12,000",0,55
메이크업,다슈,다슈 맨즈 굿 룩스 아이브로우 펜슬,"12,000",0,56
메이크업,포맨트,[온라인단독]포맨트 포맨 히든스틱,"12,800","16,000",57
메이크업,그라펜,그라펜 핸섬 브로우,"16,000",0,58
메이크업,블랙몬스터,블랙몬스터 옴므 블랙 립틴트,"16,900",0,59
메이크업,그라펜,그라펜 페이스 톤업+선젤,"22,000",0,60
메이크업,다슈,다슈 데일리 라이트 핏 선젤 50ml,"15,000",0,61
메이크업,엠도씨,엠도씨 선샤인 유브이 솔루션 크림,"16,000","20,000",62
메이크업,케어존 옴므,케어존 닥터솔루션 옴므 트러블 선 블록,"12,600","18,000",63
메이크업,랩시리즈,랩시리즈 BB 틴티드 모이스춰라이저 SPF35 PA+++ 50ml (2W6L),"59,000",0,64
메이크업,XTM,XTM 노세범 멀티 프라이머,"16,000",0,65
향수/탈취,페라리,페라리 스쿠데리아 라이트 에센스 EDT 75ml,"26,910","57,000",1
향수/탈취,페라리,페라리 스쿠데리아 블랙 EDT 75ml,"26,010","57,000",2
향수/탈취,포맨트,포맨트 포맨 시그니처 퍼퓸,"39,000",0,3
향수/탈취,존바바토스,존바바토스 아티산 EDT75ml,"49,200","82,000",4
향수/탈취,불가리,BLV 뿌르옴므익스트림EDT50ml,"59,850","85,500",5
향수/탈취,불가리,BLV 블루옴므EDT50ml,"57,900","86,400",6
향수/탈취,파코라반,파코라반 원밀리언 EDT 50ml,"59,000",0,7
향수/탈취,겐조,겐조 옴므 EDT 30ml,"53,000",0,8
향수/탈취,버버리,버버리 터치 포맨EDT 50ml,"53,900","66,800",9
향수/탈취,존바바토스,존바바토스 아티산 퓨어 EDT 75ml,"49,200","82,000",10
향수/탈취,캘빈클라인,CK 캘빈클라인 씨케이올 EDT 100ML,"51,100","73,000",11
향수/탈취,캘빈클라인,CK 캘빈클라인 씨케이올 EDT 50ML,"52,000",0,12
향수/탈취,캘빈클라인,CK 캘빈클라인 One 골드 EDT 100ML,"51,100","73,000",13
향수/탈취,캘빈클라인,CK 캘빈클라인 One 골드 EDT 50ML,"52,000",0,14
향수/탈취,페라리,페라리 스쿠데리아 라이트 에센스 EDT 40ml,"45,000",0,15
향수/탈취,페라리,페라리 스쿠데리아 블랙 EDT 125ml,"75,000",0,16
향수/탈취,페라리,[온라인단독]페라리 스쿠데리아 포르테 EDP 75m 온라인단독,"69,000",0,17
향수/탈취,엠도씨,엠도씨 시그니처 오드 퍼퓸 롤온,"8,000","10,000",18
향수/탈취,존바바토스,존바바토스 아티산 퓨어 EDT 125ml,"113,000",0,19
향수/탈취,페라리,페라리 스쿠데리아 블랙 EDT 40ml,"45,000",0,20
향수/탈취,베르사체,베르사체맨오프레쉬30ml,"28,900","39,000",21
향수/탈취,몽블랑,몽블랑 레전드 나이트 EDP 30ML,"60,000",0,22
향수/탈취,엠도씨,엠도씨 시그니처 오드 퍼퓸,"28,500","38,000",23
향수/탈취,몽블랑,몽블랑 익스플로러 EDP 60ml,"80,750","95,000",24
향수/탈취,몽블랑,몽블랑 익스플로러 EDP 30ml,"61,000",0,25
향수/탈취,존바바토스,[온라인단독] 존바바토스X닉조나스 블루 EDT 75ml 기획세트 (퓨어미니어처 증정),"86,000",0,26
향수/탈취,헤지스 맨 룰429,[온라인단독] 헤지스 아이언 퍼퓸 스타일러 페어 앤 블룸 80ml,"10,500","15,000",27
향수/탈취,헤지스 맨 룰429,[온라인단독] 헤지스 아이언 퍼퓸 스타일러 번치 오브 베리 80ml,"10,500","15,000",28
향수/탈취,헤지스 맨 룰429,[온라인단독] 헤지스 아이언 퍼퓸 스타일러 라임 브리즈 80ml,"10,500","15,000",29
향수/탈취,포맨트,[온라인단독] 포맨트 포맨 퍼퓸 스프레이_코튼허그,"14,000",0,30
향수/탈취,보드맨,보드맨 블루서프 236ml,"15,000",0,31
향수/탈취,나르시소,[온라인단독]나르시소 로드리게즈 포 힘 블루 느와르 오드트왈렛 50ml,"75,000",0,32
향수/탈취,이세이미야케,[온라인단독]이세이미야케 로메이저 디세이 뿌르 옴므 오드트왈렛 50ml,"83,000",0,33
향수/탈취,돌체&가바나,돌체앤가바나 라이트블루 뿌르 옴므 오드트왈렛 40ml,"51,100","73,000",34
향수/탈취,이세이미야케,이세이미야케 로디세이 뿌르 옴므 오드트왈렛 40ml,"40,600","58,000",35
향수/탈취,돌체&가바나,돌체앤가바나 라이트블루 EDT / 라이트블루 뿌르옴므 EDT,"58,200","97,000",36
향수/탈취,불가리,BLV 블루옴므EDT100ml,"80,900","120,500",37
향수/탈취,메르세데스 벤츠,벤츠 블루 EDT 50ml,"39,200","56,000",38
향수/탈취,불가리,불가리 뿌르옴므 익스트림 EDT 30ml,"45,900","69,300",39
향수/탈취,페라리,페라리 스쿠데리아 라이트 에센스 EDT 125ml,"75,000",0,40
향수/탈취,버버리,버버리 터치 포맨EDT 30ml,"50,000",0,41
향수/탈취,버버리,버버리 위크앤드 포맨EDT 50ML,"48,900","59,000",42
향수/탈취,버버리,버버리 위크앤드 포맨EDT 30ML,"40,100",0,43
향수/탈취,버버리,버버리 브릿리듬 포힘EDT 30ml,"48,900","57,800",44
향수/탈취,버버리,버버리 포맨EDT 50ml,"58,700",0,45
향수/탈취,버버리,버버리 포맨EDT 30ml,"35,900","45,000",46
향수/탈취,존바바토스,존바바토스 아티산 EDT125ml,"113,000",0,47
향수/탈취,몽블랑,몽블랑 스타워커 오드뚜왈렛 50ml,"70,000",0,48
향수/탈취,베르사체,베르사체맨오프레쉬50ml,"58,000",0,49
향수/탈취,불가리,BLV 블루옴므EDT30ml,"70,200",0,50
향수/탈취,몽블랑,몽블랑 블랙 레전드 30ml,"57,000",0,51
향수/탈취,몽블랑,몽블랑 블랙 레전드 50ml,"64,000","80,000",52
향수/탈취,몽블랑,몽블랑 스타워커 오드뚜왈렛 75ml,"80,000","100,000",53
향수/탈취,몽블랑,몽블랑 엠블럼 오드트왈렛 40ml,"65,000",0,54
향수/탈취,메르세데스 벤츠,벤츠 블루 EDT 25ml,"42,000",0,55
향수/탈취,지미추,지미추 맨 오드트왈렛 30ml,"45,500","65,000",56
향수/탈취,메르세데스 벤츠,메르세데스벤츠 클럽블루 EDT 50ml,"67,000",0,57
향수/탈취,펀샵,[온라인단독]300년 기소편백 히노키 프레쉬 워터 - 편백나무 300ml,"28,000",0,58
향수/탈취,메르세데스 벤츠,메르세데스 벤츠 맨 EDT 50ml,"67,000",0,59
향수/탈취,몽블랑,몽블랑 레전드 스피릿 EDT 50ml,"64,000","80,000",60
향수/탈취,몽블랑,몽블랑 레전드 스피릿 EDT 30ml,"57,000",0,61
향수/탈취,캘빈클라인,CK 캘빈클라인 원 모이스처라이저 250ml,"35,400",0,62
향수/탈취,겐조,겐조 옴므 EDP 50ml,"74,000",0,63
향수/탈취,페라가모,페라가모 아쿠아에센셜 블루EDT 30ml,"35,900","56,000",64
향수/탈취,존바바토스,존바바토스 아티산 블루 EDT 125ml,"113,000",0,65
향수/탈취,캘빈클라인,CK 캘빈클라인 One EDT 50ml / 100ml,"52,000",0,66
향수/탈취,겐조,겐조 옴므 EDT 50ml,"74,000",0,67
향수/탈취,겐조,로 겐조 뿌르 옴므 EDT 30ml,"53,000",0,68
향수/탈취,겐조,로 겐조 뿌르 옴므 EDT 50ml,"74,000",0,69
향수/탈취,존바바토스,존바바토스 아티산 블루 EDT 75ml,"49,200","82,000",70
향수/탈취,지미추,지미추 맨 오드트왈렛 50ml,"91,000",0,71
향수/탈취,펀샵,[온라인단독]인트로덕트 차량용 방향제 - 블랙,"12,600",0,72
쉐이빙/잡화,브라운,[온라인단독] 브라운전기면도기S3 310 w&d 기획,"32,400","64,900",1
쉐이빙/잡화,니베아,니베아 맨 센스티브 쉐이빙 폼 200ml,"3,900","5,500",2
쉐이빙/잡화,불독,불독 센시티브 쉐이브젤 175ml,"8,500","9,500",3
쉐이빙/잡화,쉬크,쉬크 하이드로5 커스텀 하이드레이드 면도날 4입,"10,950","21,900",4
쉐이빙/잡화,블랙모어스,블랙모어스 맨스퍼포먼스 멀티30,"15,000","25,000",5
쉐이빙/잡화,아디다스,[온라인단독]아디다스 뉴 네오프렌 아령 2KG,"14,000","20,000",6
쉐이빙/잡화,아디다스,[온라인단독]아디다스 AB 트레이닝 매트 10mm,"39,200","49,000",7
쉐이빙/잡화,다슈,다슈 데일리 비타플렉스 남성청결제 300ml,"12,600","18,000",8
쉐이빙/잡화,질레트,질레트 프로글라이드 센서티브 폼 245g,"6,500","9,300",9
쉐이빙/잡화,올리브영,올리브영 매너남 니플밴드[8회분],"2,800","3,500",10
쉐이빙/잡화,질레트,질레트 스킨텍 면도날 4입,"29,100",0,11
쉐이빙/잡화,펀샵,[온라인단독]여행용 압축팩 팩메이트 혼합 set,"7,800",0,12
쉐이빙/잡화,펀샵,[온라인단독]NEW 밸리오스 오토폴딩 우산(스트랩) - 올리브그린,"32,000",0,13
쉐이빙/잡화,위거,위거 닥터 블레이드,"9,900",0,14
쉐이빙/잡화,올리브영,올리브영 매너남 코가위,"3,200","4,000",15
쉐이빙/잡화,질레트,질레트 프로쉴드 옐로우 면도날 4입,"30,600",0,16
쉐이빙/잡화,아르코맨,아르코맨 센시티브 쉐이빙폼,"5,500",0,17
쉐이빙/잡화,질레트,질레트 프로쉴드 옐로우 면도기 2Up,"22,400",0,18
쉐이빙/잡화,갸스비,갸스비 다리털 정리기,"7,000",0,19
쉐이빙/잡화,펀샵,[온라인단독]더 그레이트 번지 코드 - L,"13,320","14,800",20
쉐이빙/잡화,펀샵,고양이 강아지 털제거 이탈리아 고무비 - 블랙,"19,800",0,21
쉐이빙/잡화,펀샵,[온라인단독]칫솔 치약 거치대,"3,500",0,22
쉐이빙/잡화,쉬크,쉬크 하이드로5 커스텀 하이드레이드 면도기,"7,950","15,900",23
쉐이빙/잡화,펀샵,[온라인단독]NEW 밸리오스 오토폴딩 우산(스트랩) - 블랙,"32,000",0,24
쉐이빙/잡화,펀샵,[온라인단독]NEW 밸리오스 오토폴딩 우산(스트랩) - 네이비,"32,000",0,25
쉐이빙/잡화,아디다스,[온라인단독]아디다스 스피드 줄넘기,"14,000","20,000",26
쉐이빙/잡화,펀샵,[온라인단독]울샵 천연 양모 먼지털이개 (L사이즈),"16,900",0,27
쉐이빙/잡화,VAP,[온라인단독]VAP 트레이닝웨이 952g,"45,000",0,28
쉐이빙/잡화,VAP,[온라인단독]VAP 플러스단백질 952g,"36,000",0,29
쉐이빙/잡화,쉬크,[온라인단독]쉬크 하이드로5 프리미엄 면도날 6입 + 면도기,"27,500",0,30
쉐이빙/잡화,펀샵,[온라인단독]파우치에 쏙- 접어 슬리퍼 (핑크),"9,900",0,31
쉐이빙/잡화,아디다스,[온라인단독]아디다스 트레이닝 라텍스밴드,"15,900","20,000",32
쉐이빙/잡화,니베아,니베아 맨 딥 쉐이빙 폼 200ml,"7,200",0,33
쉐이빙/잡화,니베아,니베아 맨 딥 쉐이빙 젤 200ml,"8,800",0,34
쉐이빙/잡화,펀샵,[온라인단독]보풀제거기의 혁명 글리너,"24,000",0,35
쉐이빙/잡화,질레트,질레트 스킨텍 매뉴얼 2up 면도기 (스크래치 카드 포함),"17,600",0,36
쉐이빙/잡화,펀샵,어바니스타 스톡홀름 무선 이어폰 - 블랙,"119,000",0,37
쉐이빙/잡화,브라운,브라운전기면도기S3 300s,"36,300","60,500",38
쉐이빙/잡화,펀샵,[온라인단독]크리스마스 악몽 잭 스켈링톤 저금통,"28,000",0,39
쉐이빙/잡화,펀샵,키친 스토브 가드,"58,000",0,40
쉐이빙/잡화,펀샵,[로비539] 블랙에디션 핸드드립 세트,"97,200",0,41
쉐이빙/잡화,펀샵,[온라인단독]Hygienic 덴마크 화장실 실리콘 브러쉬 - 블랙/그레이헤드,"19,800",0,42
쉐이빙/잡화,아디다스,[온라인단독]아디다스 튜빙밴드(중),"16,800","21,000",43
쉐이빙/잡화,아디다스,"[온라인단독]아디다스 스포츠 헤어밴드 3팩(그레이,그린,민트)","10,200","15,000",44
쉐이빙/잡화,펀샵,[온라인단독]파우치에 쏙- 접어 슬리퍼 (블루),"9,900",0,45
쉐이빙/잡화,펀샵,[온라인단독]여행용 압축팩 팩메이트 M set,"4,900",0,46
쉐이빙/잡화,올리브영,올리브영 매너남 다리숱정리 면도기(1개입),"2,800","3,500",47
쉐이빙/잡화,펀샵,[온라인단독][이사배추천템] 아미로코리아정품 프로페셔널 메이크업 조명거울,"99,000",0,48
쉐이빙/잡화,올리브영,올리브영 매너남 눈썹칼[2개입],"2,800","3,500",49
쉐이빙/잡화,질레트,질레트 퓨전 프로글라이드 파워 면도날 4입,"30,600",0,50
쉐이빙/잡화,레이저핏,레이저핏 슬라이드 면도날 클리너,"19,800",0,51
쉐이빙/잡화,센트룸,센트룸 멀티비타민 포 맨 50정,"27,000",0,52
쉐이빙/잡화,니베아,니베아 맨 센스티브 쉐이빙 젤 200ml,"7,500",0,53
쉐이빙/잡화,필립스,필립스 전기면도기 아쿠아터치 AT750,"79,000","127,000",54
쉐이빙/잡화,카이,KAI 다리털 숱제거 면도기2입_레그트리머,"6,000",0,55
쉐이빙/잡화,필립스,[코털 제거] 필립스 세이프가드 트리머 NT3160,"23,000",0,56
쉐이빙/잡화,질레트,프로글라이드 플렉스볼 파워 면도기 1up,"15,400","22,000",57
쉐이빙/잡화,아르코맨,아르코맨 쿨 쉐이빙폼,"3,900","5,500",58
쉐이빙/잡화,펀샵,[온라인단독]NEW 밸리오스 오토폴딩 우산(스트랩) - 그레이,"32,000",0,59
쉐이빙/잡화,펀샵,[온라인단독]아개운 칫솔 - 오리지널모 (옐로우),"2,300",0,60
쉐이빙/잡화,펀샵,[온라인단독]아개운 칫솔 - 오리지널모 (핑크),"2,300",0,61
쉐이빙/잡화,펀샵,[온라인단독]아개운 칫솔 - 오리지널모 (오렌지),"2,300",0,62
쉐이빙/잡화,펀샵,[온라인단독]종이 향초-민들레의 향기,"17,000",0,63
쉐이빙/잡화,펀샵,[온라인단독]종이 향초-바다,"17,000",0,64
쉐이빙/잡화,펀샵,[온라인단독]아개운 칫솔 - 오리지널모 (모던 그레이),"2,300",0,65
쉐이빙/잡화,펀샵,[온라인단독]아개운 칫솔 - 오리지널모 (그린),"2,300",0,66
쉐이빙/잡화,펀샵,[온라인단독]보탬 장갑 (가드닝/정비/작업용),"1,700",0,67
쉐이빙/잡화,펀샵,"서서 앉을땐, 베리체어","289,000",0,68
쉐이빙/잡화,펀샵,AER 더플백2,"209,000",0,69
쉐이빙/잡화,펀샵,홈 스타일 서플러스 박스 [MONO TONE MAXI] - MAXI HIGH GRAY,"29,000",0,70
쉐이빙/잡화,펀샵,[온라인단독]종이 향초-미라클 플로랄,"17,000",0,71
쉐이빙/잡화,펀샵,[온라인단독]아개운 칫솔 - 오리지널모 (모던 네이비),"2,300",0,72
쉐이빙/잡화,펀샵,[온라인단독]보풀제거기 글리너 여행용,"22,000",0,73
쉐이빙/잡화,펀샵,[온라인단독]NIKKEN 궁극의 귀털 족집게,"38,000",0,74
쉐이빙/잡화,펀샵,[온라인단독]HASSHO Pittan 피탄 미니흡착홀더,"7,500",0,75
쉐이빙/잡화,펀샵,[온라인단독]True Balance 우드 퍼즐,"26,800",0,76
쉐이빙/잡화,펀샵,[온라인단독]다섯손가락 오븐장갑,"8,900",0,77
쉐이빙/잡화,펀샵,[온라인단독]종이 향초 - 백화의 춤,"17,000",0,78
쉐이빙/잡화,펀샵,[온라인단독]종이 향초 - 초원의 빛,"17,000",0,79
쉐이빙/잡화,펀샵,[온라인단독]아개운 칫솔 - 부드러운모 (모던 네이비),"2,300",0,80
쉐이빙/잡화,펀샵,[온라인단독]종이 향초-레이디 시트러스,"17,000",0,81
쉐이빙/잡화,펀샵,쫀득~쫀득 인절미 손 & 발 쿠션 - 그린,"28,000",0,82
쉐이빙/잡화,펀샵,[온라인단독]아개운 칫솔 - 부드러운모 (모던 그레이),"2,300",0,83
쉐이빙/잡화,펀샵,[온라인단독]아개운 칫솔 - 오리지널모 (모던 블랙),"2,300",0,84
쉐이빙/잡화,펀샵,[온라인단독]아개운 칫솔 - 부드러운모 (모던 블랙),"2,300",0,85
쉐이빙/잡화,펀샵,[온라인단독]POKEFAN AAA 미니팬,"6,900",0,86
쉐이빙/잡화,펀샵,IWAKI 내열유리 보관용기 세트 - 7set,"62,000",0,87
쉐이빙/잡화,펀샵,[온라인단독]종이 향초-씨야의 향기,"17,000",0,88
쉐이빙/잡화,펀샵,[온라인단독]레더맨 프리™ P2,"200,000",0,89
쉐이빙/잡화,펀샵,[온라인단독]레더맨 프리™ P4,"230,000",0,90
쉐이빙/잡화,펀샵,[온라인단독]파리 끈끈이 - 플라이 스틱 (5개세트),"8,900",0,91
쉐이빙/잡화,펀샵,IWAKI 내열유리 보관용기 세트 - 11set,"112,000",0,92
쉐이빙/잡화,펀샵,[온라인단독]레더맨 REV,"49,500",0,93
쉐이빙/잡화,펀샵,[온라인단독]레더맨 WINGMAN,"74,000",0,94
쉐이빙/잡화,펀샵,[온라인단독]레더맨 SIDEKICK,"79,000",0,95
쉐이빙/잡화,펀샵,[온라인단독]레더맨 Keyring-Tool ES4 - 블랙,"49,500",0,96
쉐이빙/잡화,펀샵,Shape Flexer 아웃도어 모자 - L/XL,"58,000",0,97
쉐이빙/잡화,펀샵,[온라인단독]레더맨 Crater c33Tx - 실버(민날),"62,000",0,98
쉐이빙/잡화,펀샵,[온라인단독]레더맨 Crater c33Tx - 블랙(써레이션날),"74,000",0,99
쉐이빙/잡화,펀샵,[온라인단독]레더맨 Keyring-Tool STYLE CS,"37,800",0,100
쉐이빙/잡화,펀샵,[온라인단독]레더맨 Keyring-Tool ES4 - 블루,"49,500",0,101
쉐이빙/잡화,펀샵,[온라인단독]첨스 사코슈백 - 네이비,"35,000",0,102
쉐이빙/잡화,펀샵,쫀득~쫀득 인절미 손 & 발 쿠션 - 핑크,"28,000",0,103
쉐이빙/잡화,펀샵,[온라인단독]첨스 사코슈백 - 블랙,"35,000",0,104
쉐이빙/잡화,펀샵,[온라인단독]첨스 부비 던지기 놀이 (의자 미포함),"37,050","39,000",105
쉐이빙/잡화,펀샵,[온라인단독]ORIGINAL 밸리오스 오토폴딩 우산 - 블랙,"32,000",0,106
쉐이빙/잡화,펀샵,[온라인단독]ORIGINAL 밸리오스 오토폴딩 우산 - 그레이,"32,000",0,107
쉐이빙/잡화,펀샵,[온라인단독]ORIGINAL 밸리오스 오토폴딩 우산 - 네이비,"32,000",0,108
쉐이빙/잡화,펀샵,[온라인단독]ORIGINAL 밸리오스 오토폴딩 우산 - 올리브그린,"32,000",0,109
쉐이빙/잡화,펀샵,[온라인단독]119g 초경량 UV 접이식 우산 & 양산,"24,000",0,110
쉐이빙/잡화,펀샵,[온라인단독]인트로덕트 접이식 대짜 우산,"28,000",0,111
쉐이빙/잡화,펀샵,[온라인단독]NEW UPGRADE LIFE chair 라이프 체어,"59,800",0,112
쉐이빙/잡화,펀샵,[온라인단독]Ooni3 화덕오븐 오오니3 (피자오븐&판 세트),"291,600","324,000",113
쉐이빙/잡화,펀샵,[온라인단독]첨스 부비 피크닉 시트,"37,050","39,000",114
쉐이빙/잡화,펀샵,[온라인단독]BAS 제습제 - 콤팩트형(20g x 10개),"9,900",0,115
쉐이빙/잡화,펀샵,[온라인단독]BAS 제습제 - 스탠다드형(120g x 2개),"12,900",0,116
쉐이빙/잡화,펀샵,[온라인단독]디셈 펠티어 미니 제습기,"55,000",0,117
쉐이빙/잡화,펀샵,[온라인단독]브리츠 Q7 2in1 공기청정기 제습기 HEPA필터,"154,000",0,118
쉐이빙/잡화,펀샵,[온라인단독]첨스 로고 슬리핑 백 (침낭),"160,550","169,000",119
쉐이빙/잡화,펀샵,[온라인단독]종이 향초-우아한 오리엔탈,"17,000",0,120
쉐이빙/잡화,펀샵,[온라인단독]명주실 향초- 바다,"13,600",0,121
쉐이빙/잡화,펀샵,Shape Flexer 아웃도어 모자 - XXL/XXXL,"58,000",0,122
쉐이빙/잡화,펀샵,[온라인단독]스테들러 노리스 디지털 펜 - 그린,"39,900",0,123
쉐이빙/잡화,펀샵,[온라인단독]스테들러 노리스 디지털 펜 - 옐로우,"39,900",0,124
쉐이빙/잡화,펀샵,[온라인단독]에프터런치(After Lunch) 치약 - 75g,"3,200","4,000",125
쉐이빙/잡화,펀샵,Hygienic 덴마크 화장실 실리콘 브러쉬 - 화이트/블루헤드,"19,800",0,126
쉐이빙/잡화,펀샵,Hygienic 덴마크 화장실실리콘브러쉬 - 블랙/블루헤드,"19,800",0,127
쉐이빙/잡화,펀샵,[온라인단독]라이프 치약 - 200g,"5,950","7,000",128
쉐이빙/잡화,펀샵,[온라인단독]라이프 치약 - 20g,"1,020","1,200",129
쉐이빙/잡화,펀샵,[온라인단독]라이프 에어 칫솔 4개입 세트 - 포레스트,"10,200","12,000",130
쉐이빙/잡화,펀샵,[온라인단독]메탈프레임 스탭 앤 스툴 - 메탈 블랙,"49,000",0,131
쉐이빙/잡화,펀샵,[온라인단독]플로스 치약 - 플로럴 200g,"2,960","8,000",132
쉐이빙/잡화,펀샵,[온라인단독]플로스 치약 - 유자 200g,"2,960","8,000",133
쉐이빙/잡화,펀샵,[온라인단독]엠보 극세사 바디브러쉬,"22,800",0,134
쉐이빙/잡화,펀샵,[온라인단독]라이프 에어 칫솔 4개입 세트 - 오션,"10,200","12,000",135
쉐이빙/잡화,펀샵,[온라인단독]엘레컴 2way 제전 브러쉬,"9,900",0,136
쉐이빙/잡화,펀샵,[온라인단독]메탈프레임 스탭 앤 스툴 - 메탈 그레이,"49,000",0,137
쉐이빙/잡화,펀샵,[온라인단독]전기 포충기,"28,800",0,138
쉐이빙/잡화,펀샵,[온라인단독]프롬비 윈드스핀 회전 무선 탁상용 선풍기 - 화이트,"45,800",0,139
쉐이빙/잡화,펀샵,[온라인단독]흡착 코스터 (OUTDOOR LIFE),"6,800",0,140
쉐이빙/잡화,펀샵,[온라인단독]흡착 코스터 (GO EXPLORE),"6,800",0,141
쉐이빙/잡화,펀샵,[온라인단독]콤팩트 미니모 칫솔,"4,900",0,142
쉐이빙/잡화,펀샵,[온라인단독]COGIT 2way 확대거울,"22,800",0,143
쉐이빙/잡화,펀샵,[온라인단독][Rayen] 길이조절 빨랫줄,"27,000",0,144
쉐이빙/잡화,펀샵,[온라인단독][Rayen] 라벤더향 옷커버 비닐 6개입,"4,000",0,145
쉐이빙/잡화,펀샵,[온라인단독]보온보냉 커피컵 홀더,"19,000",0,146
쉐이빙/잡화,펀샵,[온라인단독]피아톤 볼트 무선 이어폰 BT700,"149,000",0,147
쉐이빙/잡화,펀샵,[온라인단독]프롬비 윈드스핀 회전 무선 탁상용 선풍기 - 블랙,"45,800",0,148
쉐이빙/잡화,펀샵,[온라인단독]파나소닉 방수 바디트리머 ER-GK60,"109,000",0,149
쉐이빙/잡화,펀샵,[온라인단독]ARCTIC 아크틱 USB 탁상용 선풍기,"22,000",0,150
쉐이빙/잡화,펀샵,[온라인단독]아인슈타인 유령 문진,"48,000",0,151
쉐이빙/잡화,펀샵,[온라인단독]네츄럴 쿨링 팬 선풍기(USB type),"10,450","11,000",152
쉐이빙/잡화,펀샵,[온라인단독]로비539 토네이도 티타늄코팅 드리퍼,"29,700",0,153
쉐이빙/잡화,펀샵,[온라인단독][키친539] 대나무 내열유리 보관용기4종 세트,"32,300",0,154
쉐이빙/잡화,펀샵,[온라인단독]안전하고 강력한 못박기 SAFETY NAILER,"6,900",0,155
쉐이빙/잡화,펀샵,[온라인단독]플로스 치약 - 유자 20g,"1,200",0,156
쉐이빙/잡화,펀샵,[온라인단독]피크닉 폴딩 테이블 - 베이지,"17,280","19,200",157
쉐이빙/잡화,펀샵,[온라인단독]피크닉 폴딩 테이블 - 옐로우,"17,280","19,200",158
쉐이빙/잡화,펀샵,[온라인단독]피크닉 폴딩 테이블 - 그린,"19,200",0,159
쉐이빙/잡화,펀샵,[온라인단독][로비539] 유리캐틀 500ml,"59,000",0,160
쉐이빙/잡화,펀샵,[온라인단독][로비539] 유리캐틀 300ml,"49,000",0,161
쉐이빙/잡화,펀샵,[온라인단독]명주실 향초- 평온의 향기,"13,600",0,162
쉐이빙/잡화,펀샵,[온라인단독]명주실 향초- 초원의 빛,"13,600",0,163
쉐이빙/잡화,펀샵,[온라인단독]명주실 향초- 우아한 오리엔탈,"13,600",0,164
쉐이빙/잡화,펀샵,[온라인단독]명주실 향초 - 백화의 춤,"13,600",0,165
쉐이빙/잡화,펀샵,[온라인단독]명주실 향초- 레이디 시트러스,"13,600",0,166
쉐이빙/잡화,펀샵,[온라인단독]명주실 향초- 미라클 플로랄,"13,600",0,167
쉐이빙/잡화,펀샵,[온라인단독]명주실 향초- 민들레의 향기,"13,600",0,168
쉐이빙/잡화,펀샵,[온라인단독]명주실 향초- 씨야의 향기,"13,600",0,169
쉐이빙/잡화,펀샵,[온라인단독]피크닉 폴딩 테이블 - 브라운,"19,200",0,170
쉐이빙/잡화,펀샵,[온라인단독]USB 캐릭터 아로마 방향제 리필 (6종택1),"3,600",0,171
쉐이빙/잡화,펀샵,"[온라인단독]USB 캐릭터 아로마 방향제 - 브리시티 페어(배,호박)","12,900",0,172
쉐이빙/잡화,펀샵,[온라인단독]USB 캐릭터 아로마 방향제 - 레드로즈(장미),"12,900",0,173
쉐이빙/잡화,펀샵,[온라인단독]번트리 모기퇴치기,"31,900",0,174
쉐이빙/잡화,펀샵,2019년 넥밴드 선풍기 블루 아이디2 - 블랙,"38,900",0,175
쉐이빙/잡화,펀샵,2019년 넥밴드 선풍기 블루 아이디2 - 화이트,"38,900",0,176
쉐이빙/잡화,펀샵,하이파이 로즈 RS350 멀티 스피커,"249,000",0,177
쉐이빙/잡화,펀샵,[온라인단독]플로스 치약 - 플로스 20g,"1,200",0,178
쉐이빙/잡화,펀샵,[온라인단독]대나무실로 만든 노땀 방석,"13,500",0,179
쉐이빙/잡화,펀샵,[온라인단독]종이 향초-평온의 향기,"17,000",0,180
쉐이빙/잡화,펀샵,[온라인단독]대나무실로 만든 노땀 미니매트,"33,500",0,181
쉐이빙/잡화,펀샵,[온라인단독]지라프 크레이터 (미니),"36,400",0,182
쉐이빙/잡화,펀샵,[온라인단독]USB 캐릭터 아로마 방향제 - 씨 솔트(바다소금),"12,900",0,183
쉐이빙/잡화,펀샵,[온라인단독]울샵 천연 양모 먼지털이개 (S사이즈),"11,900",0,184
쉐이빙/잡화,펀샵,[온라인단독]듀크캐논 수퍼 그레이드 쉐이빙크림,"19,900",0,185
쉐이빙/잡화,펀샵,휴마아이 초미세먼지 VOC 이산화탄소 측정기 - 블랙,"129,000",0,186
쉐이빙/잡화,펀샵,[온라인단독]쉽게 시작하는 낚싯대 한 줌 올인원 (1.6m 레드),"19,800",0,187
쉐이빙/잡화,펀샵,[온라인단독]1-2인용 넌고예 불판,"27,900",0,188
쉐이빙/잡화,펀샵,홈 스타일 서플러스 박스 MONO TONE - MINI-차콜,"2,900",0,189
쉐이빙/잡화,펀샵,첨스 부비페이스 선쉐이드 텐트 - Teal/Orange,"132,050","139,000",190
쉐이빙/잡화,펀샵,첨스 부비페이스 선쉐이드 텐트 - Yellow/Blue,"132,050","139,000",191
쉐이빙/잡화,펀샵,이와키 스노우탑 핸드드립세트,"119,000",0,192
쉐이빙/잡화,펀샵,인트로덕트 NEW 형상기억 케이블 - 라이트닝 8핀,"6,000",0,193
쉐이빙/잡화,펀샵,인트로덕트 NEW 형상기억 케이블 - 마이크로 5핀,"6,000",0,194
쉐이빙/잡화,펀샵,인트로덕트 NEW 형상기억 케이블 - USB-C 타입,"6,000",0,195
쉐이빙/잡화,펀샵,차량용 비상탈출 툴 (손잡이형),"22,800",0,196
쉐이빙/잡화,펀샵,자가발전 자전거 후미등,"13,800",0,197
쉐이빙/잡화,펀샵,"10개입, 80% 더 빨리 마르는 날개 옷걸이","18,800",0,198
쉐이빙/잡화,펀샵,언제 어디서나 포켓치실,"6,800",0,199
쉐이빙/잡화,펀샵,Daypack 초경량 배낭 - 블랙,"99,000",0,200
쉐이빙/잡화,펀샵,시그니처 안경 클리너 일회용 30매+30매,"6,000",0,201
쉐이빙/잡화,펀샵,[Hook-Eze] 낚싯줄을 더 빠르고 안전하게 후크이지 - L,"14,000",0,202
쉐이빙/잡화,펀샵,"연필심 길이, 내 마음대로 [M+R 트리플 연필깎이]","7,800",0,203
쉐이빙/잡화,펀샵,식품용 장갑,"6,000",0,204
쉐이빙/잡화,펀샵,이와키 스노우탑 워터 드립 커피 타워,"698,000",0,205
쉐이빙/잡화,펀샵,CRC 체어 롤러 캐스터,"24,000",0,206
쉐이빙/잡화,펀샵,제트스트림 퓨어몰트 5 in 1 멀티펜,"21,000",0,207
쉐이빙/잡화,펀샵,[ZOOTILITY] WILDCARD 카드형 멀티툴,"34,000",0,208
쉐이빙/잡화,펀샵,자동차 시트 서포터 BACKSHIELD,"99,000",0,209
쉐이빙/잡화,펀샵,스마트링 디지털 타이머,"8,000",0,210
쉐이빙/잡화,펀샵,라이프 칫솔 거치대,"6,900",0,211
쉐이빙/잡화,펀샵,Pilot Multi Ball 멀티펜 - 블랙,"1,800",0,212
쉐이빙/잡화,펀샵,Pilot Multi Ball 멀티펜 - 블루,"1,800",0,213
쉐이빙/잡화,펀샵,Easy iPad Stand 아이패드 스탠드 - 블랙,"7,900",0,214
쉐이빙/잡화,펀샵,Easy iPad Stand 아이패드 스탠드 - 화이트,"7,900",0,215
쉐이빙/잡화,펀샵,[예나글라스] 점보컵 0.4L (JUMBO CUP 0.4L),"14,400",0,216
쉐이빙/잡화,펀샵,kershaw 수염 가위 가죽케이스 세트,"89,000",0,217
쉐이빙/잡화,펀샵,[Rayen] 레진 접이식 날개형 빨래 건조대,"68,000",0,218
쉐이빙/잡화,펀샵,[예나글라스] 딥 3세트 (DIP SET 3PART),"25,000",0,219
쉐이빙/잡화,펀샵,[Rayen] 접이식 날개형 빨래 건조대,"38,000",0,220
쉐이빙/잡화,펀샵,bamboo front lap shoe box 대나무 수납장,"94,500",0,221
쉐이빙/잡화,펀샵,[ZOOTILITY] HEADGEHOG 카드형 멀티툴,"14,900",0,222
쉐이빙/잡화,펀샵,"IWAKI 전자렌지 내열냄비, 아랜틴 코코트 라운드","35,000",0,223
쉐이빙/잡화,펀샵,Daypack 초경량 배낭 - 그레이,"99,000",0,224
쉐이빙/잡화,펀샵,몬스터 아이스박스 로버 - 80L,"470,000",0,225
쉐이빙/잡화,펀샵,제리캔 바 3color (맥주 & 와인통) - 10L 카키,"98,100","109,000",226
쉐이빙/잡화,펀샵,홈 스타일 서플러스 박스 [에잇 룸스] - MINI-C네이비,"2,900",0,227
쉐이빙/잡화,펀샵,제리캔 바 3color (맥주 & 와인통) - 10L 레드,"98,100","109,000",228
쉐이빙/잡화,펀샵,제리캔 바 3color (맥주 & 와인통) - 20L 블랙,"179,100","199,000",229
쉐이빙/잡화,펀샵,제리캔 바 3color (맥주 & 와인통) - 20L 카키,"179,100","199,000",230
쉐이빙/잡화,펀샵,제리캔 바 3color (맥주 & 와인통) - 20L 레드,"179,100","199,000",231
쉐이빙/잡화,펀샵,홈 스타일 서플러스 박스 MONO TONE - MIDI-진그레이,"6,800",0,232
쉐이빙/잡화,펀샵,홈 스타일 서플러스 박스 MONO TONE - MIDI-아이보리(ivory),"6,800",0,233
쉐이빙/잡화,펀샵,홈 스타일 서플러스 박스 MONO TONE - MINI-아이보리,"2,900",0,234
쉐이빙/잡화,펀샵,홈 스타일 서플러스 박스 MONO TONE - MINI-화이트그레이,"2,900",0,235
쉐이빙/잡화,펀샵,대나무 코너 벤치 수납장,"94,500",0,236
쉐이빙/잡화,펀샵,대나무 A라인 의류행거,"97,300",0,237
쉐이빙/잡화,펀샵,먹을 수 있는 친환경 쌀빨대 100개,"7,000",0,238
쉐이빙/잡화,펀샵,제리캔 바 3color (맥주 & 와인통) - 10L 블랙,"98,100","109,000",239
쉐이빙/잡화,펀샵,몬스터 아이스박스 로버 - 60L,"420,000",0,240
쉐이빙/잡화,펀샵,스프릭스 자크락 JAK RAK,"20,900",0,241
쉐이빙/잡화,펀샵,Sprigs 쓰리 포켓 허리 밴드 - L/XL,"30,000",0,242
쉐이빙/잡화,펀샵,몬스터 아이스박스 로버 - 옵션 : 듀얼컵홀더,"25,000",0,243
쉐이빙/잡화,펀샵,몬스터 아이스박스 로버 - 옵션 : 보조테이블,"37,000",0,244
쉐이빙/잡화,펀샵,몬스터 아이스박스 로버 - 옵션 : 바이크 킷,"65,000",0,245
쉐이빙/잡화,펀샵,"[룸539] 요가볼, 푸프볼 - 패브릭","69,000",0,246
쉐이빙/잡화,펀샵,"[룸539] 요가볼, 푸프볼 - 레더","99,000",0,247
쉐이빙/잡화,펀샵,NEW 에어 레그 쿠션,"20,000",0,248
쉐이빙/잡화,펀샵,Sprigs 내 몸같은 암밴드 - S,"23,800",0,249
쉐이빙/잡화,펀샵,Sprigs 내 몸같은 암밴드 - M,"23,800",0,250
쉐이빙/잡화,펀샵,Sprigs 쓰리 포켓 허리 밴드 - S/M,"30,000",0,251
쉐이빙/잡화,펀샵,Sprigs 더블포켓 손목 밴드 - 블랙,"20,900",0,252
쉐이빙/잡화,펀샵,Sprigs 더블포켓 손목 밴드 - 블루,"20,900",0,253
쉐이빙/잡화,펀샵,Sprigs 더블포켓 손목 밴드 - 그레이,"20,900",0,254
쉐이빙/잡화,펀샵,Sprigs 내 몸같은 암밴드 - L,"23,800",0,255
쉐이빙/잡화,펀샵,홈 스타일 서플러스 박스 [에잇 룸스] - MINI-C카키,"2,900",0,256
쉐이빙/잡화,펀샵,"혼자여도 괜찮아, 무한탁구","21,900",0,257
쉐이빙/잡화,펀샵,[예나글라스] 커피 메이커 1.2L (COFFEE MAKER BRASIL I G 1.2L),"38,000",0,258
쉐이빙/잡화,펀샵,"IWAKI 전자렌지 내열냄비, 아랜틴 스티머","27,000",0,259
쉐이빙/잡화,펀샵,라이프 교정용 칫솔,"1,800","3,000",260
쉐이빙/잡화,펀샵,고양이 강아지 털제거 이탈리아 고무비 - 그레이,"19,800",0,261
쉐이빙/잡화,펀샵,[iwaki] 드립서버 600ml,"26,600",0,262
쉐이빙/잡화,펀샵,슥~돌리면 속!시원한 코털 커터,"9,600",0,263
쉐이빙/잡화,펀샵,이중 유리 보틀 360ml,"23,800",0,264
쉐이빙/잡화,펀샵,[Rayen] 신발 워싱백,"12,000",0,265
쉐이빙/잡화,펀샵,[온라인단독]마블 포커 8종택1,"13,000",0,266
쉐이빙/잡화,펀샵,오리지널 더 스윙스틱 [from Stark Industry],"129,000",0,267
쉐이빙/잡화,펀샵,SPEED OUT 역나사 세트 4PCS,"8,500",0,268
쉐이빙/잡화,펀샵,[Arte legno] 아르테 리뇨 베네지아 칼꽂이,"79,000",0,269
쉐이빙/잡화,펀샵,BANALE 여행용 공병키트,"23,000",0,270
쉐이빙/잡화,펀샵,"나무 바닥,가구 보수 키트 Floor Repair kit","18,500",0,271
쉐이빙/잡화,펀샵,SOLO TOURIST 46L 대용량 트레블 백,"37,800","42,000",272
쉐이빙/잡화,펀샵,라이프 알루미늄 모던 칫솔꽂이 - 실버,"5,950","7,000",273
쉐이빙/잡화,펀샵,[예나글라스] 캔들 티 팟 1.0L (LIGHTING TEA POT),"78,000",0,274
쉐이빙/잡화,펀샵,라이프 알루미늄 모던 칫솔꽂이 - 블랙,"5,950","7,000",275
쉐이빙/잡화,펀샵,나이트코어 TINI (손전등) - Black,"38,000",0,276
쉐이빙/잡화,펀샵,홈 스타일 서플러스 박스 MONO TONE - MINI-블랙,"2,900",0,277
쉐이빙/잡화,펀샵,첨스 부비페이스 선쉐이드 텐트 - Tiedye,"132,050","139,000",278
쉐이빙/잡화,펀샵,빙글빙글빙글 프로펠러 모자 - Xsmall,"20,900","22,000",279
쉐이빙/잡화,펀샵,빙글빙글빙글 프로펠러 모자 - medium,"20,900","22,000",280
쉐이빙/잡화,펀샵,빙글빙글빙글 프로펠러 모자 - large,"20,900","22,000",281
쉐이빙/잡화,펀샵,나이트코어 TIP SS (손전등) - JET BLACK,"45,000",0,282
쉐이빙/잡화,펀샵,나이트코어 TIP SS (손전등) - GLACIER,"45,000",0,283
쉐이빙/잡화,펀샵,나이트코어 TIP SS (손전등) - TROPICAL,"45,000",0,284
쉐이빙/잡화,펀샵,나이트코어 TINI (손전등) - Gold,"38,000",0,285
쉐이빙/잡화,펀샵,나이트코어 TINI (손전등) - Gray,"38,000",0,286
쉐이빙/잡화,펀샵,나이트코어 TINI (손전등) - Silver,"38,000",0,287
쉐이빙/잡화,펀샵,나이트코어 NU05 미니 라이트,"35,000",0,288
쉐이빙/잡화,펀샵,끈적임이 없는 파우더 헤어왁스 슬릭고릴라,"19,900",0,289
쉐이빙/잡화,펀샵,[iwaki] 워터드립 서버,"35,000",0,290
쉐이빙/잡화,펀샵,[예나글라스] 계량컵S MEASURING JUG SMALL),"15,800",0,291
쉐이빙/잡화,펀샵,[예나글라스] 티 워머 (TEA WARMER PRETTY TEA),"20,900",0,292
쉐이빙/잡화,펀샵,[예나글라스] 머그컵 0.4L (MUG OFFICE DOT),"13,400",0,293
쉐이빙/잡화,펀샵,[로비539] TAN시리즈 핸드드립 세트,"97,200",0,294
쉐이빙/잡화,펀샵,Rebin otd laundry organizer 다용도 수납가방,"29,000",0,295
쉐이빙/잡화,펀샵,"조리와 접시를 하나로 담은 주철, 10 FRYING PAN JIU - M-2개 & 핸들","139,000",0,296
쉐이빙/잡화,펀샵,"조리와 접시를 하나로 담은 주철, 10 FRYING PAN JIU - S-2개 & 핸들","139,000",0,297
쉐이빙/잡화,펀샵,"조리와 접시를 하나로 담은 주철, 10 FRYING PAN JIU - S-1개+M-1개 & 핸들","139,000",0,298
쉐이빙/잡화,펀샵,[KOKUYO] 업그레이드 에어로핏 글루레스 가위,"10,900",0,299
쉐이빙/잡화,펀샵,접이식 히어로 클립 NEW COLOR-Medium,"25,000",0,300
쉐이빙/잡화,펀샵,접이식 히어로 클립 NEW COLOR-Small,"22,000",0,301
쉐이빙/잡화,펀샵,750+ 무한리필 펜,"118,000",0,302
쉐이빙/잡화,펀샵,책과 사람을 연결하는 문진 ACRYLIC PAPER,"32,000",0,303
쉐이빙/잡화,펀샵,NELLO 마그네틱 자전거 벨 '뉴버젼',"24,000",0,304
쉐이빙/잡화,펀샵,COGIT 습기 방지 융 클리너,"7,900",0,305
쉐이빙/잡화,펀샵,욜리 친환경 100% 대나무 섬유 빨대-250개입,"23,500",0,306
쉐이빙/잡화,펀샵,[로비539] 토네이도 핸드드립세트,"68,000",0,307
쉐이빙/잡화,펀샵,이스트힐 UPF 50+ 팝업 선블록 비치텐트,"121,500","135,000",308
쉐이빙/잡화,펀샵,[로비539] 다이아 글라스 핸드드립세트(카라페 600ml),"54,800",0,309
쉐이빙/잡화,펀샵,[예나글라스] 기름 분리용 컵 주전자 (FAT SEPARATOR),"28,800",0,310
쉐이빙/잡화,펀샵,스위스 족집게 Professional 2,"29,000",0,311
쉐이빙/잡화,펀샵,POP BIN-차량용 실리콘 미니 휴지통 - 화이트,"4,900",0,312
쉐이빙/잡화,펀샵,다용도 스탠딩 매트 - black,"38,400",0,313
쉐이빙/잡화,펀샵,다용도 스탠딩 매트 - brown,"38,400",0,314
쉐이빙/잡화,펀샵,Shape Flexer 아웃도어 모자 - 오리지널 어드벤처 믹스 L/XL,"58,000",0,315
쉐이빙/잡화,펀샵,Shape Flexer 아웃도어 모자 - 오리지널 어드벤처 믹스 XXL/XXXL,"58,000",0,316
쉐이빙/잡화,펀샵,North Star Sports - 수납왕 기어백 Medium,"40,800",0,317
쉐이빙/잡화,펀샵,X-Treme 테이프,"9,900",0,318
쉐이빙/잡화,펀샵,높낮이 조절 좌식테이블 - HAFT(블랙),"149,000",0,319
쉐이빙/잡화,펀샵,높낮이 조절 좌식테이블 - HAFT(화이트),"149,000",0,320
쉐이빙/잡화,펀샵,스트라타 폴딩박스 - 차콜,"15,000",0,321
쉐이빙/잡화,펀샵,스트라타 폴딩박스 - 그레이,"15,000",0,322
쉐이빙/잡화,펀샵,"목과 얼굴을 적극적으로 보호, BIG SIZE 쿨네스 넥플랩","18,000",0,323
쉐이빙/잡화,펀샵,[로비539] 다이아 글라스 핸드드립세트(카라페 400ml),"54,000",0,324
쉐이빙/잡화,펀샵,[온라인단독]마블 방향제(2개입) 2종택1,"10,000",0,325
쉐이빙/잡화,펀샵,[온라인단독]초합금 히어로즈 마블 캐릭터 피규어,"43,000",0,326
쉐이빙/잡화,펀샵,[온라인단독]넥타이 행거,"10,900",0,327
쉐이빙/잡화,질레트,질레트 플렉스볼 파워 기획팩,"17,900",0,328
쉐이빙/잡화,쉬크,[온라인단독]쉬크 스킨 디펜스젤+커스텀 면도기 기획,"12,900",0,329
쉐이빙/잡화,쉬크,[온라인단독]쉬크 모이스처 쉐이브젤+커스텀 면도기 기획,"12,900",0,330
쉐이빙/잡화,빅,[온라인단독]BIC 플렉스 하이브리드 5 면도기,"13,900",0,331
쉐이빙/잡화,HOPE / BYO유산균,BYO 20억 생유산균 맨 2g*30포,"15,000",0,332
쉐이빙/잡화,리얼테크닉스,리얼테크닉스 맨즈 스펀지 세트,"21,000",0,333
쉐이빙/잡화,니베아,[온라인단독] 니베아 맨 쿨 킥 쉐이빙 폼 200ml*3번들,"10,900",0,334
쉐이빙/잡화,로이체,USB 탁상 미니 서큘레이터 화이트,"12,900",0,335
쉐이빙/잡화,아디다스,[온라인단독]아디다스 튜빙밴드(약),"14,400","18,000",336
쉐이빙/잡화,아디다스,[온라인단독]아디다스 안티버스트 짐볼 65cm (오렌지),"25,000",0,337
쉐이빙/잡화,아디다스,[온라인단독]아디다스 뉴 네오프렌 아령 3KG,"21,600","27,000",338
쉐이빙/잡화,로이체,USB 탁상 미니 서큘레이터 네이비,"12,900",0,339
쉐이빙/잡화,로이체,USB 탁상 미니 서큘레이터 핑크,"12,900",0,340
쉐이빙/잡화,아디다스,[온라인단독] 아디다스 EPP 폼롤러 90cm,"41,300","59,000",341
쉐이빙/잡화,아디다스,[온라인단독]아디다스 튜빙밴드(강),"19,200","24,000",342
쉐이빙/잡화,아디다스,[온라인단독]아디다스 EPP 폼롤러 45cm,"23,400","39,000",343
쉐이빙/잡화,아디다스,[온라인단독]아디다스 NEW 퍼포먼스 장갑 M/L (그레이),"21,000","28,000",344
쉐이빙/잡화,아디다스,[온라인단독]아디다스 클라이마쿨 발목보호대 M,"24,300","27,000",345
쉐이빙/잡화,아디다스,[온라인단독]아디다스 클라이마쿨 발목보호대 L,"24,300","27,000",346
쉐이빙/잡화,아디다스,[온라인단독]아디다스 필라테스 라텍스밴드,"16,000",0,347
쉐이빙/잡화,아디다스,[온라인단독]아디다스 뉴 네오프렌 아령 1KG,"7,900","10,000",348
쉐이빙/잡화,아디다스,[온라인단독]아디다스 프로 악력기 (1입),"9,600","12,000",349
쉐이빙/잡화,아디다스,[온라인단독]아디다스 짐스틱,"41,300","59,000",350
쉐이빙/잡화,필립스,[온라인단독]필립스 전기면도기 아쿠아터치 S1070,"49,500","99,000",351
쉐이빙/잡화,아디다스,[온라인단독]아디다스 텍스쳐폼롤러 33cm (카모),"41,300","59,000",352
쉐이빙/잡화,아디다스,[온라인단독]아디다스 요가매트 스트랩 (블랙),"13,500","15,000",353
쉐이빙/잡화,아디다스,[온라인단독]아디다스 요가매트 스트랩 (그린),"13,500","15,000",354
쉐이빙/잡화,아디다스,[온라인단독]아디다스 폼롤러 18cm (블랙),"20,830","35,000",355
쉐이빙/잡화,아디다스,[온라인단독]아디다스 폼롤러 18cm (카모),"24,500","35,000",356
쉐이빙/잡화,아디다스,[온라인단독]아디다스 텍스쳐폼롤러 33cm (블랙),"41,300","59,000",357
쉐이빙/잡화,아디다스,[온라인단독]아디다스 NEW 퍼포먼스 장갑 M (카모),"21,000","28,000",358
쉐이빙/잡화,아디다스,[온라인단독]아디다스 가죽 리프팅 역도벨트 M,"29,700","33,000",359
쉐이빙/잡화,아디다스,[온라인단독]아디다스 가죽 리프팅 역도벨트 L,"29,700","33,000",360
쉐이빙/잡화,아디다스,[온라인단독]아디다스 가죽 리프팅 역도벨트 XL,"29,700","33,000",361
쉐이빙/잡화,펀샵,[온라인단독]레더맨 TREAD TEMPO 멀티툴 시계 - 블랙,"599,000",0,362
쉐이빙/잡화,펀샵,[온라인단독]사무실 체육관 Business GYM,"62,400","78,000",363
쉐이빙/잡화,펀샵,[온라인단독]WristWidget® 손목 근력 지원 밴드 - 블랙1개,"26,500",0,364
쉐이빙/잡화,펀샵,[온라인단독]WristWidget® 손목 근력 지원 밴드 - 베이지1개,"26,500",0,365
쉐이빙/잡화,펀샵,[온라인단독]WristWidget® 손목 근력 지원 밴드 - 레드1개,"26,500",0,366
쉐이빙/잡화,펀샵,[온라인단독]WristWidget® 손목 근력 지원 밴드 - 블루1개,"26,500",0,367
쉐이빙/잡화,펀샵,[온라인단독]ROOST LAPTOP STAND 높낮이 조절 노트북 거치대,"80,820","89,800",368
쉐이빙/잡화,펀샵,[온라인단독]여행용 압축팩 팩메이트 L set,"5,900",0,369
쉐이빙/잡화,펀샵,[온라인단독]12 in 1 툴 펜 - 실버,"14,900",0,370
쉐이빙/잡화,펀샵,[온라인단독]12 in 1 툴 펜 - 블랙,"14,900",0,371
쉐이빙/잡화,펀샵,[온라인단독]AAA 벨트 (Key chain 증정),"15,000",0,372
쉐이빙/잡화,펀샵,[온라인단독]워터팜 샤워헤드 (기본구성+리필필터1개),"65,000",0,373
쉐이빙/잡화,펀샵,[온라인단독]워터팜 샤워헤드 리필필터,"20,000",0,374
쉐이빙/잡화,펀샵,[온라인단독]레더맨 TREAD TEMPO 멀티툴 시계 - 스테인레스(실버),"599,000",0,375
쉐이빙/잡화,펀샵,[온라인단독]라이프 365 칫솔세트,"28,800","36,000",376
쉐이빙/잡화,펀샵,[온라인단독]가장 혁신적인 시트스틱 타다체어,"111,040","138,800",377
쉐이빙/잡화,펀샵,[온라인단독]BANALE 옴니 필로우,"48,140","58,000",378
쉐이빙/잡화,코오롱,[온라인단독] 코오롱 스포츠뉴트리션 리얼아미노워터(체리),"17,000",0,379
쉐이빙/잡화,코오롱,[온라인단독] 코오롱 스포츠뉴트리션 패스트리커버,"38,000",0,380
쉐이빙/잡화,코오롱,[온라인단독] 코오롱제약 스포츠뉴트리션,"145,000",0,381
쉐이빙/잡화,코오롱,[온라인단독] 코오롱제약 스포츠뉴트리션 퍼펙트파워젤(청포도),"43,000",0,382
쉐이빙/잡화,눅스,[온라인단독] 눅스 맨 스킨 수딩 쉐이브 젤 150ml,"18,700","22,000",383
쉐이빙/잡화,코오롱,[온라인단독] 코오롱 스포츠뉴트리션 리얼아미노워터(레몬),"17,000",0,384
쉐이빙/잡화,아디다스,[온라인단독]아디다스 클라이마쿨 팔꿈치 보호대 L,"24,300","27,000",385
쉐이빙/잡화,코오롱,[온라인단독] 코오롱제약 스포츠뉴트리션 퍼펙트파워젤(아이스블루),"43,000",0,386
쉐이빙/잡화,싹스탑,싹스탑 남성 더블 덧신 화이트_19SS,"3,500","3,900",387
쉐이빙/잡화,펀샵,[온라인단독]워터팜 샤워헤드 (기본구성),"45,000",0,388
쉐이빙/잡화,질레트,질레트 스킨텍 젤 195g,"8,600",0,389
쉐이빙/잡화,세노비스,세노비스 밀크씨슬 선물세트 120캡슐,"76,000",0,390
쉐이빙/잡화,블락,블락 쉐이빙 폼 클렌저 150ml,"9,900","12,900",391
쉐이빙/잡화,필립스,필립스 전기면도기 아쿠아터치 S777,"99,000",0,392
쉐이빙/잡화,XTM,XTM 쉐이빙 젤 센서티브 120 mL,"6,500",0,393
쉐이빙/잡화,러브졸리,러브 졸리 포 맨 바디 앤 언더헤어 트리머,"14,000","19,900",394
쉐이빙/잡화,GNC,GNC 메가맨 멀티비타민&미네랄,"42,000",0,395
쉐이빙/잡화,포레오,포레오 루나2 블랙(남성용),"310,000",0,396
쉐이빙/잡화,유닉스,유닉스 TAKEOUT GUYS 트리머 UNS-A9405,"13,900","19,900",397
쉐이빙/잡화,유닉스,유닉스 면도기 UNS-A9510,"27,900","39,000",398
쉐이빙/잡화,필립스,필립스 진동클렌저 비자퓨어맨 베이직 MS5030/01,"159,000",0,399
쉐이빙/잡화,크리니크,크리니크 포 맨 알로에 쉐이브 젤 125ml,"34,000",0,400
쉐이빙/잡화,센트룸,센트룸 멀티비타민 실버 포 맨 50정,"27,000",0,401
쉐이빙/잡화,랩시리즈,랩시리즈 쿨링 쉐이브 크림 100ml,"32,000",0,402
쉐이빙/잡화,에보쉐이브,에보쉐이브 스타터팩 블루,"3,300",0,403
쉐이빙/잡화,에보쉐이브,에보쉐이브 카트리지 4개입,"3,300",0,404
쉐이빙/잡화,에스지생활안전,FILTSON_소형공기청정기_네이비블루,"176,000",0,405
쉐이빙/잡화,네오바디,네오바디 스탠다드 보정 런닝,"29,800",0,406
쉐이빙/잡화,네오바디,네오바디 이지 보정 런닝,"25,500",0,407
쉐이빙/잡화,네오바디,네오바디 코어 보정 런닝,"32,300",0,408
쉐이빙/잡화,네오바디,네오바디 이지 보정 티셔츠,"29,800",0,409
쉐이빙/잡화,카이,KAI 머리띠,"6,000",0,410
쉐이빙/잡화,카이,KAI 스프링 카츄사,"9,000",0,411
쉐이빙/잡화,세노비스,세노비스 밀크시슬 60캡슐,"38,000",0,412
쉐이빙/잡화,아르코맨,아르코맨 하이드레이트 쉐이빙폼,"3,900","5,500",413
쉐이빙/잡화,필립스,필립스 휴대용면도기 PQ206,"29,600",0,414
쉐이빙/잡화,유닉스,유닉스 면도기 UNS-A9402,"24,000",0,415
쉐이빙/잡화,유닉스,유닉스 Takeout guy's 콧털제거기 UNS-A9404,"14,000",0,416
쉐이빙/잡화,유닉스,유닉스 Takeout guy's 면도기 UNS-A9401,"18,900","24,000",417
쉐이빙/잡화,세노비스,세노비스 남성용멀티비타민미네랄,"45,000",0,418
쉐이빙/잡화,니베아,니베아 맨 실버 프로텍트 쉐이빙 젤 200ml,"8,800",0,419
쉐이빙/잡화,선패밀리,선패밀리 맨즈 복식호흡트레이닝기,"19,000",0,420
쉐이빙/잡화,페브리즈,페브리즈포맨 쿨아쿠아향,"7,900",0,421
쉐이빙/잡화,질레트,질레트 퓨전 하이드라 젤 200ml,"8,300",0,422
쉐이빙/잡화,질레트,질레트 프로쉴드 칠 면도날 4입,"30,600",0,423
쉐이빙/잡화,질레트,질레트 프로글라이드 플렉스볼 매뉴얼 면도기 (1up),"14,800",0,424
쉐이빙/잡화,질레트,프로쉴드 칠 면도기 2Up,"22,400",0,425
쉐이빙/잡화,질레트,질레트 퓨전 프로글라이드 매뉴얼 면도날 4입,"29,200",0,426
쉐이빙/잡화,질레트,질레트 퓨전 하이드라젤 울트라 프로텍션 200ml,"8,300",0,427
쉐이빙/잡화,솔가,솔가 남성용 멀티비타민 미네랄 60정,"57,000",0,428
쉐이빙/잡화,펀샵,[온라인단독]행오매틱 생활용 툴,"14,900",0,429
쉐이빙/잡화,올리브영,올리브영 매너남 셔츠벨트,"7,200","9,000",430
쉐이빙/잡화,브라운,브라운 시리즈5 면도기 5147S,"248,000",0,431
쉐이빙/잡화,블락,블락 스페셜키트 포그그린(R),"39,900","49,900",432
쉐이빙/잡화,블락,블락 스페셜키트 네로블랙(R),"49,900",0,433
쉐이빙/잡화,블락,블락 스페셜키트 나이트오렌지(R),"49,900",0,434
쉐이빙/잡화,리얼테크닉스,리얼테크닉 위장크림 브러쉬,"12,000",0,435
쉐이빙/잡화,아디다스,아디다스 엘리트 헬스장갑 L (실버),"26,400","33,000",436
쉐이빙/잡화,아디다스,[온라인단독]아디다스 NEW 에센셜장갑 L (그레이),"24,000",0,437
쉐이빙/잡화,아디다스,아디다스 NEW 에센셜장갑 M (그레이),"16,800","24,000",438
쉐이빙/잡화,아디다스,[온라인단독]아디다스 NEW 에센셜장갑 S (그레이),"24,000",0,439
쉐이빙/잡화,나인투식스,나인투식스 워킹마스터 스티커깔창 남성(6mm-일반용) 블랙/ 화이트,"27,000",0,440
쉐이빙/잡화,아디다스,[온라인단독]아디다스 리프팅 면 스트랩,"14,900","23,000",441
쉐이빙/잡화,아디다스,[온라인단독]아디다스 마사지 볼,"26,000",0,442
쉐이빙/잡화,아디다스,[온라인단독]아디다스 NEW 에센셜장갑 M (레드),"16,800","24,000",443
쉐이빙/잡화,아디다스,아디다스 NEW 에센셜장갑 L (레드),"24,000",0,444
쉐이빙/잡화,블락,블락 면도기 네로블랙(R),"18,000",0,445
쉐이빙/잡화,블락,블락 면도기 나이트오렌지(R),"18,000",0,446
쉐이빙/잡화,블락,블락 면도날 4입,"13,900",0,447
쉐이빙/잡화,바비리스,[온라인단독]바비리스 포맨 코털정리기 NE1000K,"17,800","19,800",448
쉐이빙/잡화,갸스비,[온라인단독]갸스비 셀프 헤어 트리밍 키트,"30,000",0,449
쉐이빙/잡화,쉬크,[온라인단독]쉬크 하이드로5 면도날 6입 + 파워 면도기 기획팩,"34,900",0,450
쉐이빙/잡화,쉬크,[온라인단독]쉬크 남성용 다리털 정리기 1입,"6,900",0,451
쉐이빙/잡화,선패밀리,선패밀리 맨즈 이중턱 슬림밴드,"24,000",0,452
쉐이빙/잡화,선패밀리,선패밀리 맨즈 브이라인벨트,"21,000",0,453
쉐이빙/잡화,에스지생활안전,FILTSON_소형공기청정기_네이비블루,"176,000",0,454
쉐이빙/잡화,브라운,브라운전기면도기S3 310s w&d,"64,900",0,455
쉐이빙/잡화,쉬크,[온라인단독]쉬크 쉐이브가드 센서티브 알로에 젤 198g,"6,500",0,456
쉐이빙/잡화,리얼쉐이빙,리얼쉐이빙 트래디셔널 쉐이브크림 125ml,"27,000",0,457
쉐이빙/잡화,쎄컨스킨,[온라인단독]세컨스킨 남성 프린팅 드로즈 (BLUE),"23,000",0,458
쉐이빙/잡화,쉬크,[온라인단독]쉬크 쉐이브가드 센서티브 라임 쉐이빙폼 210g,"4,900",0,459
쉐이빙/잡화,갸스비,갸스비 프리 쉐이브 젤 140ml,"6,000",0,460
쉐이빙/잡화,갸스비,갸스비 프리 쉐이브 로션 140ml,"6,000",0,461
쉐이빙/잡화,유닉스,유닉스 면도기 UNS-A9512,"79,000",0,462
쉐이빙/잡화,리얼쉐이빙,리얼쉐이빙 수퍼 슬라이드 쉐이브젤 125ml,"27,000",0,463
쉐이빙/잡화,펀샵,[온라인단독]마블 카넘버 멀티슬림라인 5종택1,"8,300",0,464
쉐이빙/잡화,펀샵,여행용 압축팩 팩메이트 S set,"3,900",0,465
쉐이빙/잡화,펀샵,[온라인단독]굿민턴,"27,600","36,800",466
쉐이빙/잡화,펀샵,[온라인단독]접이식 알루미늄 핸드폰/패드 거치대 - B stand 실버,"19,900",0,467
쉐이빙/잡화,펀샵,[온라인단독]접이식 알루미늄 핸드폰/패드 거치대 - B stand 블랙,"19,900",0,468
쉐이빙/잡화,펀샵,[온라인단독]링키 라이트닝 케이블 (마블),"10,900",0,469
쉐이빙/잡화,펀샵,[온라인단독][UNIFLAME] 황동 시에라 컵 420,"25,000",0,470
쉐이빙/잡화,펀샵,[온라인단독][UNIFLAME] 유니프레임 FD 스푼&포크 세트 티타늄,"32,000",0,471
쉐이빙/잡화,펀샵,[온라인단독]칼리타 커피 용품 미니어처 - 5종 풀세트,"29,900",0,472
쉐이빙/잡화,펀샵,[온라인단독]클래식봇,"38,000",0,473
쉐이빙/잡화,펀샵,[온라인단독]드래곤볼 걸즈 피규어 _ 금발의 런치 ver,"167,000",0,474
쉐이빙/잡화,펀샵,[온라인단독][napkin] inkless wooden pan,"69,000",0,475
쉐이빙/잡화,펀샵,[온라인단독]박스우드 토피어리 - LONG TYPE,"24,800",0,476
쉐이빙/잡화,펀샵,[온라인단독]박스우드 토피어리 - SHORT TYPE,"23,800",0,477
쉐이빙/잡화,펀샵,[온라인단독]원피스 액션피규어 - 샹크스,"152,000",0,478
쉐이빙/잡화,펀샵,[온라인단독]원피스피규어 - 바리에이블에이션 나미,"140,000",0,479
쉐이빙/잡화,펀샵,[온라인단독]접이식 알루미늄 핸드폰/패드 거치대 - B stand M 스페이스그레이,"19,900",0,480
쉐이빙/잡화,펀샵,[온라인단독][FOREVER] Pininfarina Cambiano - Walnut Wood,"149,000",0,481
쉐이빙/잡화,펀샵,[온라인단독]커네틱 USB 미니 가습기 마시멜로우 - 퓨어화이트,"19,900",0,482
쉐이빙/잡화,펀샵,[온라인단독]lt 에어팟 캡슐 스트랩 케이스 - 화이트,"16,900",0,483
쉐이빙/잡화,펀샵,[온라인단독]가로세로 줄자,"9,800",0,484
쉐이빙/잡화,펀샵,[온라인단독]모두의 태극기,"4,900",0,485
쉐이빙/잡화,펀샵,[온라인단독]인트로덕트 LED 데스크 램프,"36,000",0,486
쉐이빙/잡화,펀샵,[온라인단독]인피니티 건틀렛 저금통,"35,000",0,487
쉐이빙/잡화,펀샵,[온라인단독]레더맨 35주년 한정판 PST Heritage,"288,000",0,488
쉐이빙/잡화,펀샵,[온라인단독]레더맨 트레드 LT - Black,"250,000",0,489
쉐이빙/잡화,펀샵,[온라인단독]레더맨 트레드 LT - Stainless Steel,"250,000",0,490
쉐이빙/잡화,펀샵,[온라인단독]에너자이저 10000mAh 무선 보조배터리,"49,000",0,491
쉐이빙/잡화,펀샵,[온라인단독]lt 에어팟 캡슐 스트랩 케이스 - 그레이,"16,900",0,492
쉐이빙/잡화,펀샵,[온라인단독]아메리칸 커피프레스,"89,000",0,493
쉐이빙/잡화,펀샵,[온라인단독]Decision Board (벽장식 인테리어소품),"169,000",0,494
쉐이빙/잡화,펀샵,[온라인단독]North Star Sports 기어백 - Small,"38,800",0,495
쉐이빙/잡화,펀샵,[온라인단독]North Star Sports 기어백 - Large,"43,800",0,496
쉐이빙/잡화,펀샵,[온라인단독]커네틱 USB 미니 가습기 마시멜로우 - 베이비핑크,"19,900",0,497
쉐이빙/잡화,펀샵,[온라인단독][FOREVER] Pininfarina Cambiano - Cedar Wood,"149,000",0,498
쉐이빙/잡화,펀샵,[온라인단독]심슨가족 호머심슨 저금통,"22,000",0,499
쉐이빙/잡화,펀샵,[온라인단독]파워프레스 푸쉬업 운동기구,"99,000",0,500
쉐이빙/잡화,펀샵,[온라인단독]라이프 모던 칫솔 (New Package) - 1세트,"10,200","12,000",501
쉐이빙/잡화,펀샵,[온라인단독]라이프 블라썸 칫솔 (New Package) - 1세트,"10,200","12,000",502
쉐이빙/잡화,펀샵,[온라인단독]홀리데이랜드 쿨러 - 27리터,"50,400","56,000",503
쉐이빙/잡화,펀샵,[온라인단독]메탈브릭 헐크버스터 - BLACK,"45,000",0,504
쉐이빙/잡화,펀샵,[온라인단독]메탈브릭 헐크버스터 - SILVER,"45,000",0,505
쉐이빙/잡화,펀샵,[온라인단독]메탈브릭 아이언맨 - BLACK,"17,000",0,506
쉐이빙/잡화,펀샵,[온라인단독]메탈브릭 아이언맨 - SILVER,"17,000",0,507
쉐이빙/잡화,펀샵,[온라인단독]메탈브릭 워머신 - COLOR,"19,000",0,508
쉐이빙/잡화,펀샵,[온라인단독]파인발렛 바지행거,"118,000",0,509
쉐이빙/잡화,펀샵,[온라인단독]홀리데이랜드 쿨러 - 48리터,"85,500","95,000",510
쉐이빙/잡화,펀샵,[온라인단독]홀리데이랜드 쿨러 - 33리터,"58,500","65,000",511
쉐이빙/잡화,펀샵,[온라인단독]메탈브릭 워머신 - SILVER,"19,000",0,512
쉐이빙/잡화,펀샵,[온라인단독]메탈브릭 워머신 - BLACK,"19,000",0,513
쉐이빙/잡화,펀샵,[온라인단독]3D메탈조립 블랙팬서SD,"19,000",0,514
쉐이빙/잡화,펀샵,[온라인단독]3D메탈조립 블랙스파이더맨SD,"19,000",0,515
쉐이빙/잡화,펀샵,[온라인단독]메타코레 마블 데드풀 카타나,"9,300",0,516
쉐이빙/잡화,펀샵,[온라인단독]마블 튠 토미카 - Evo.5.0 마스크캐리 헐크,"7,900",0,517
쉐이빙/잡화,펀샵,[온라인단독][ZOOTILITY] PocketMonkey X 카드형 멀티툴,"19,000",0,518
쉐이빙/잡화,펀샵,[온라인단독]Electric Dart Board 501 전자식 다트 보드,"49,800",0,519
쉐이빙/잡화,펀샵,[온라인단독]Nums 스마트 터치패드 MacBook Pro 15인치용(2016~2018),"61,000",0,520
쉐이빙/잡화,펀샵,[온라인단독]Nums 스마트 터치패드 MacBook Pro 13인치용(2016~2018),"52,000",0,521
쉐이빙/잡화,펀샵,[온라인단독]맥북프로 13인치 마블 캡틴아메리카 케이스 - 레드,"65,000",0,522
쉐이빙/잡화,펀샵,[온라인단독]DSPTCH® DAYPACK,"199,000",0,523
쉐이빙/잡화,펀샵,[온라인단독]브런트 에어젯 공기청정기 - 에어젯 S ioT,"195,000",0,524
쉐이빙/잡화,펀샵,[온라인단독]라멘&소바 볼펜,"15,800",0,525
쉐이빙/잡화,펀샵,[온라인단독]COGIT 묻지마 가운,"22,800",0,526
쉐이빙/잡화,펀샵,[온라인단독]마블 튠 토미카 - Mov.2.0 애드트럭 토르 라그나로크,"7,900",0,527
쉐이빙/잡화,펀샵,[온라인단독]홀리데이랜드 쿨러 - 17리터,"35,100","39,000",528
쉐이빙/잡화,펀샵,[온라인단독]홀리데이랜드 쿨러 - 7리터,"24,300","27,000",529
쉐이빙/잡화,펀샵,[온라인단독]마블 인피니티 건틀렛 블루투스 스피커,"690,000",0,530
쉐이빙/잡화,펀샵,EMT 불도저 가위,"15,500",0,531
쉐이빙/잡화,펀샵,[온라인단독] 고양이 강아지 털제거 이탈리아 고무비 - 그린,"19,800",0,532
쉐이빙/잡화,펀샵,[온라인단독]탭볼 - 복서용(그린),"15,900",0,533
쉐이빙/잡화,펀샵,[온라인단독]INTEX 내장형펌프 에어 매트리스 - 더블,"159,000",0,534
쉐이빙/잡화,펀샵,[온라인단독]INTEX 내장형펌프 에어 매트리스 - 싱글,"129,000",0,535
쉐이빙/잡화,펀샵,[온라인단독]빌리벨트 - 브라운,"49,000",0,536
쉐이빙/잡화,펀샵,[온라인단독]빌리벨트 - 다크올리브,"36,750","49,000",537
쉐이빙/잡화,펀샵,[온라인단독]빌리벨트 - 블루그레이,"36,750","49,000",538
쉐이빙/잡화,펀샵,[온라인단독]오토폴딩 휴지통 KICK BIN,"96,000","120,000",539
쉐이빙/잡화,펀샵,[온라인단독]LINNER 노이즈캔슬링 블루투스 헤드폰 NC90,"169,000",0,540
쉐이빙/잡화,펀샵,[온라인단독]접이식 알루미늄 노트북 거치대 - B stand 스페이스그레이,"39,900",0,541
쉐이빙/잡화,펀샵,[온라인단독][NAPOLEON] 이탈리아 도자기 장미꽃 봉오리 바구니,"160,300","229,000",542
쉐이빙/잡화,펀샵,[온라인단독][NAPOLEON] 이탈리아 도자기 장미 부케,"209,300","299,000",543
쉐이빙/잡화,펀샵,[온라인단독]탭볼 - 초보자용(옐로우),"15,900",0,544
쉐이빙/잡화,펀샵,[온라인단독]휴마아이 미세먼지 측정기 - 화이트,"79,000",0,545
쉐이빙/잡화,펀샵,[온라인단독]휴마아이 미세먼지 측정기 - 스카이블루,"99,000",0,546
쉐이빙/잡화,펀샵,[온라인단독]ZENITH 548 GOLD 한정판 스테이플러 - 레드,"89,000",0,547
쉐이빙/잡화,펀샵,[온라인단독][NAPOLEON] 이탈리아 도자기 백금장미와 줄기,"18,000",0,548
쉐이빙/잡화,펀샵,[온라인단독]빌리벨트 - 그레이,"36,750","49,000",549
쉐이빙/잡화,펀샵,[온라인단독]클라이네자케 이탈리아산 소가죽 슬리브 - 블랙,"59,000",0,550
쉐이빙/잡화,펀샵,[온라인단독]홈 스타일 서플러스 박스 WOOD - L사이즈,"26,400",0,551
쉐이빙/잡화,펀샵,[온라인단독]간츠-O 핸드권총 X GUN (피규어/모션토이),"466,200","518,000",552
쉐이빙/잡화,펀샵,[온라인단독][런던클락] 저소음 탁상형 알람 시계,"15,040","18,800",553
쉐이빙/잡화,펀샵,[온라인단독]Authentic Models 앤틱 목각인형,"125,100","139,000",554
쉐이빙/잡화,펀샵,[온라인단독]Feather 일회용 면도기,"2,000",0,555
쉐이빙/잡화,펀샵,[온라인단독]쉬운 북 홀더,"13,800",0,556
쉐이빙/잡화,펀샵,[온라인단독][Rayen] 옷 접기 폴더,"15,000",0,557
쉐이빙/잡화,펀샵,[온라인단독]스탭 앤 스툴,"28,500",0,558
쉐이빙/잡화,펀샵,[온라인단독]MoriMori 블루투스 LED 랜턴 스피커 - 그린,"109,000",0,559
쉐이빙/잡화,펀샵,[온라인단독]홈 스타일 서플러스 박스 WOOD - M사이즈,"17,600",0,560
쉐이빙/잡화,펀샵,[온라인단독]카딱 라돈케어 차량용 공기청정기,"120,000",0,561
쉐이빙/잡화,펀샵,[온라인단독]노즈 마스크 네오 - M 사이즈,"11,000",0,562
쉐이빙/잡화,펀샵,[온라인단독]노즈 마스크 네오 - S 사이즈,"11,000",0,563
쉐이빙/잡화,펀샵,[온라인단독]클라이네자케 이탈리아산 소가죽 슬리브 - 꼬냑,"59,000",0,564
쉐이빙/잡화,펀샵,[온라인단독]브런트 에어젯 공기청정기 - 에어젯 A,"129,000",0,565
쉐이빙/잡화,펀샵,[온라인단독]카딱 라돈케어 차량용 공기청정기 헤파필터(H13등급),"25,000",0,566
쉐이빙/잡화,펀샵,[온라인단독]3단 접이식 카트,"71,200","89,000",567
쉐이빙/잡화,펀샵,[온라인단독]스위스 족집게 - 블랙 1개,"28,000",0,568
쉐이빙/잡화,펀샵,[온라인단독]MoriMori 블루투스 LED 랜턴 스피커 - 아이보리,"109,000",0,569
쉐이빙/잡화,펀샵,[온라인단독]Hygienic 덴마크 화장실 실리콘 브러쉬 - 화이트/그레이헤드,"19,800",0,570
쉐이빙/잡화,펀샵,[온라인단독]ITATI 캐리어 커버 - 스피커 디자인커버 L (28인치),"35,100",0,571
쉐이빙/잡화,펀샵,[온라인단독]ITATI 캐리어 커버 - 금고 디자인 커버 M (24인치),"31,100",0,572
쉐이빙/잡화,펀샵,[온라인단독]ITATI 캐리어 커버 - 금고 디자인 커버 L (28인치),"35,100",0,573
쉐이빙/잡화,펀샵,[온라인단독]ZENITH 548 GOLD 한정판 스테이플러 - 블랙,"89,000",0,574
쉐이빙/잡화,펀샵,[온라인단독]스마트 워킹패드,"599,000",0,575
쉐이빙/잡화,펀샵,[온라인단독]소음방지 체어슬리퍼 - 브라운,"8,400","11,200",576
쉐이빙/잡화,펀샵,[온라인단독]스모크리스 비비큐 드럼 그릴,"89,210","123,900",577
쉐이빙/잡화,펀샵,[온라인단독]소음방지 체어슬리퍼 - 블랙,"8,400","11,200",578
쉐이빙/잡화,펀샵,[온라인단독]플러스마이너스제로 공기청정기 C021 블랙,"299,000",0,579
쉐이빙/잡화,펀샵,[온라인단독]프리쉐 공기청정기 - 화이트(일반형),"99,000",0,580
쉐이빙/잡화,펀샵,[온라인단독]프리쉐 공기청정기 - 블랙(고급형),"129,000",0,581
쉐이빙/잡화,펀샵,[온라인단독]초미세먼지 측정기 스마트페블,"85,000",0,582
쉐이빙/잡화,펀샵,[온라인단독]소음방지 체어슬리퍼 - 그레이,"8,400","11,200",583
쉐이빙/잡화,펀샵,[온라인단독]ITATI 캐리어 커버 - 스피커 디자인 커버 M (24인치)?,"31,100",0,584
쉐이빙/잡화,펀샵,[온라인단독]한방에 클립가족 1Set (4개입),"8,000",0,585
쉐이빙/잡화,펀샵,[온라인단독]탭볼 - 초보자용(오렌지),"15,900",0,586
쉐이빙/잡화,펀샵,[온라인단독]탭볼 - 복서용(블루),"15,900",0,587
쉐이빙/잡화,펀샵,[온라인단독]KAPOTT 봉투 쓰레받기,"13,900",0,588
쉐이빙/잡화,펀샵,[온라인단독]혼자치는 배드민턴 애니턴 1 (ANYTON ONE),"145,000",0,589
쉐이빙/잡화,펀샵,[온라인단독]10step 멀티 브러쉬,"12,000",0,590
쉐이빙/잡화,펀샵,"[온라인단독]납작한 만능 덕테이프, RediTape - 실버","4,900",0,591
쉐이빙/잡화,펀샵,"[온라인단독]납작한 만능 덕테이프, RediTape - 블랙","4,900",0,592
쉐이빙/잡화,펀샵,[온라인단독]WOLF AND GRIZZLY GRILL 그리즐리 그릴,"108,800","128,000",593
쉐이빙/잡화,펀샵,[온라인단독]MoriMori 블루투스 LED 랜턴 스피커 - 민트,"109,000",0,594
쉐이빙/잡화,펀샵,[온라인단독][PALOMAR] Lochness 자전거 자물쇠,"59,000",0,595
쉐이빙/잡화,펀샵,[온라인단독]hexa Flicker 자가발전 조깅 LED 라이트,"9,620","14,800",596
쉐이빙/잡화,펀샵,[온라인단독]탭볼 - 복서용(레드),"15,900",0,597
쉐이빙/잡화,펀샵,[온라인단독]더 그레이트 번지 코드 - S,"11,520","12,800",598
쉐이빙/잡화,펀샵,[온라인단독]플러스마이너스제로 공기청정기 C021 화이트,"299,000",0,599
쉐이빙/잡화,펀샵,[온라인단독]DSPTCH 캡스냅 모자홀더,"12,900",0,600
쉐이빙/잡화,펀샵,[온라인단독]Feather 멀티 헤어 트리머,"12,800",0,601
쉐이빙/잡화,펀샵,[온라인단독]인생의자 (ALUMINIUM LIFE CHAIR),"129,000",0,602
쉐이빙/잡화,펀샵,클립 지갑 Rev.2,"15,900",0,603
